feature_1,feature_2,dependency
LONGEST_FLOW_PKT,MAX_IP_PKT_LEN,1.0
ICMP_TYPE,ICMP_IPV4_TYPE,0.9999999999882265
MIN_TTL,MAX_TTL,0.9985980689353946
OUT_BYTES,DST_TO_SRC_SECOND_BYTES,0.9452002487454154
TCP_FLAGS,CLIENT_TCP_FLAGS,0.9413745864196152
RETRANSMITTED_OUT_BYTES,RETRANSMITTED_OUT_PKTS,0.9156698306209131
RETRANSMITTED_IN_BYTES,RETRANSMITTED_IN_PKTS,0.9020354619588538
DNS_QUERY_ID,DNS_QUERY_TYPE,0.8686971768797831
DST_TO_SRC_SECOND_BYTES,DST_TO_SRC_AVG_THROUGHPUT,0.8542128262707221
OUT_BYTES,DST_TO_SRC_AVG_THROUGHPUT,0.8519122826878093
OUT_BYTES,OUT_PKTS,0.8220396494188372
OUT_PKTS,DST_TO_SRC_SECOND_BYTES,0.8162748892082446
TCP_FLAGS,SERVER_TCP_FLAGS,0.810749031132413
CLIENT_TCP_FLAGS,TCP_WIN_MAX_IN,0.7846066145101348
DNS_QUERY_TYPE,DNS_TTL_ANSWER,0.7819739814012777
TCP_FLAGS,TCP_WIN_MAX_IN,0.7745529279901896
RETRANSMITTED_IN_BYTES,ICMP_IPV4_TYPE,0.7484295473250755
RETRANSMITTED_IN_BYTES,ICMP_TYPE,0.7484295026953205
SERVER_TCP_FLAGS,TCP_WIN_MAX_OUT,0.7468428078714187
DNS_QUERY_ID,DNS_TTL_ANSWER,0.7382229283043884
RETRANSMITTED_IN_PKTS,ICMP_IPV4_TYPE,0.7329981804180059
RETRANSMITTED_IN_PKTS,ICMP_TYPE,0.732998138810177
OUT_PKTS,DST_TO_SRC_AVG_THROUGHPUT,0.7317433807017071
OUT_PKTS,SERVER_TCP_FLAGS,0.7301059589121285
IN_BYTES,MAX_IP_PKT_LEN,0.728821152115912
IN_BYTES,LONGEST_FLOW_PKT,0.728821152115912
CLIENT_TCP_FLAGS,SERVER_TCP_FLAGS,0.7286450944461013
MIN_IP_PKT_LEN,DST_TO_SRC_SECOND_BYTES,0.7058535568523164
OUT_BYTES,MIN_IP_PKT_LEN,0.7038600018568579
FLOW_DURATION_MILLISECONDS,DURATION_IN,0.6912675566964575
CLIENT_TCP_FLAGS,TCP_WIN_MAX_OUT,0.6826402126450339
MIN_IP_PKT_LEN,DST_TO_SRC_AVG_THROUGHPUT,0.6785250894121116
MAX_IP_PKT_LEN,SRC_TO_DST_AVG_THROUGHPUT,0.6782942886713716
LONGEST_FLOW_PKT,SRC_TO_DST_AVG_THROUGHPUT,0.6782942886713716
OUT_BYTES,SERVER_TCP_FLAGS,0.6745697511713351
SERVER_TCP_FLAGS,DST_TO_SRC_SECOND_BYTES,0.6744612712642228
OUT_PKTS,TCP_WIN_MAX_OUT,0.6739016605120796
IN_BYTES,IN_PKTS,0.6733431391257
CLIENT_TCP_FLAGS,MAX_IP_PKT_LEN,0.6620173609146055
CLIENT_TCP_FLAGS,LONGEST_FLOW_PKT,0.6620173609146055
SERVER_TCP_FLAGS,TCP_WIN_MAX_IN,0.6594508420433667
OUT_PKTS,NUM_PKTS_UP_TO_128_BYTES,0.6580922989865075
IN_BYTES,SRC_TO_DST_SECOND_BYTES,0.6550485704590039
SERVER_TCP_FLAGS,DST_TO_SRC_AVG_THROUGHPUT,0.6519398326473175
TCP_FLAGS,TCP_WIN_MAX_OUT,0.6473311377690774
DST_TO_SRC_SECOND_BYTES,TCP_WIN_MAX_OUT,0.6454111370792069
OUT_BYTES,TCP_WIN_MAX_OUT,0.6446334873141202
TCP_FLAGS,MAX_IP_PKT_LEN,0.6375728301030599
TCP_FLAGS,LONGEST_FLOW_PKT,0.6375728301030599
IN_BYTES,SRC_TO_DST_AVG_THROUGHPUT,0.6325180919966017
OUT_BYTES,LONGEST_FLOW_PKT,0.6256252232492805
OUT_BYTES,MAX_IP_PKT_LEN,0.6256252232492805
TCP_WIN_MAX_IN,TCP_WIN_MAX_OUT,0.6214599123102197
MAX_IP_PKT_LEN,DST_TO_SRC_SECOND_BYTES,0.6196037986946328
LONGEST_FLOW_PKT,DST_TO_SRC_SECOND_BYTES,0.6196037986946328
OUT_PKTS,MIN_IP_PKT_LEN,0.6195641559039929
DURATION_IN,SRC_TO_DST_SECOND_BYTES,0.6147648363873089
MIN_IP_PKT_LEN,DNS_QUERY_TYPE,0.6115973136170996
IN_PKTS,TCP_WIN_MAX_OUT,0.5959205510175352
NUM_PKTS_UP_TO_128_BYTES,TCP_WIN_MAX_OUT,0.5948441801157813
DST_TO_SRC_SECOND_BYTES,NUM_PKTS_UP_TO_128_BYTES,0.5913633950506725
LONGEST_FLOW_PKT,DST_TO_SRC_AVG_THROUGHPUT,0.5881879972397169
MAX_IP_PKT_LEN,DST_TO_SRC_AVG_THROUGHPUT,0.5881879972397169
OUT_BYTES,NUM_PKTS_UP_TO_128_BYTES,0.5863590400308704
SERVER_TCP_FLAGS,NUM_PKTS_UP_TO_128_BYTES,0.5851761563803206
IN_PKTS,NUM_PKTS_UP_TO_128_BYTES,0.5816262586543328
IN_BYTES,CLIENT_TCP_FLAGS,0.5715404105410751
MAX_IP_PKT_LEN,TCP_WIN_MAX_IN,0.5681544852933736
LONGEST_FLOW_PKT,TCP_WIN_MAX_IN,0.5681544852933736
MIN_IP_PKT_LEN,DNS_QUERY_ID,0.5658273919112504
OUT_PKTS,TCP_FLAGS,0.5622649116425618
IN_PKTS,MAX_TTL,0.5529206655136014
IN_PKTS,MIN_TTL,0.5525307338603012
OUT_PKTS,MAX_IP_PKT_LEN,0.5487507648757339
OUT_PKTS,LONGEST_FLOW_PKT,0.5487507648757339
DST_TO_SRC_AVG_THROUGHPUT,TCP_WIN_MAX_OUT,0.546630733875884
LONGEST_FLOW_PKT,SHORTEST_FLOW_PKT,0.5434868194769193
SHORTEST_FLOW_PKT,MAX_IP_PKT_LEN,0.5434868194769193
LONGEST_FLOW_PKT,NUM_PKTS_128_TO_256_BYTES,0.5379906021382395
MAX_IP_PKT_LEN,NUM_PKTS_128_TO_256_BYTES,0.5379906021382395
IN_BYTES,NUM_PKTS_128_TO_256_BYTES,0.5348686249599613
MIN_IP_PKT_LEN,DNS_TTL_ANSWER,0.5345760655523987
OUT_PKTS,CLIENT_TCP_FLAGS,0.5340055642124059
IN_BYTES,TCP_FLAGS,0.5337473337624241
L7_PROTO,FLOW_DURATION_MILLISECONDS,0.5287328180728569
SERVER_TCP_FLAGS,LONGEST_FLOW_PKT,0.5260115174271309
SERVER_TCP_FLAGS,MAX_IP_PKT_LEN,0.5260115174271309
IN_BYTES,TCP_WIN_MAX_OUT,0.5198076736604872
LONGEST_FLOW_PKT,TCP_WIN_MAX_OUT,0.5163861802548417
MAX_IP_PKT_LEN,TCP_WIN_MAX_OUT,0.5163861802548417
L7_PROTO,DURATION_IN,0.5150093227174132
DST_TO_SRC_AVG_THROUGHPUT,NUM_PKTS_UP_TO_128_BYTES,0.5146956602988821
IN_PKTS,SERVER_TCP_FLAGS,0.5119913171166058
TCP_FLAGS,DST_TO_SRC_SECOND_BYTES,0.5115962504023652
OUT_BYTES,TCP_FLAGS,0.5109650316155846
IN_PKTS,SRC_TO_DST_SECOND_BYTES,0.5106761263490529
NUM_PKTS_256_TO_512_BYTES,TCP_WIN_MAX_OUT,0.506772550205361
OUT_PKTS,TCP_WIN_MAX_IN,0.506399601588886
IN_BYTES,MAX_TTL,0.5056027959954557
IN_BYTES,MIN_TTL,0.5053094103920405
CLIENT_TCP_FLAGS,SRC_TO_DST_AVG_THROUGHPUT,0.5024564871106515
SHORTEST_FLOW_PKT,SRC_TO_DST_AVG_THROUGHPUT,0.5013197262595112
CLIENT_TCP_FLAGS,DST_TO_SRC_SECOND_BYTES,0.49955528974709273
OUT_BYTES,CLIENT_TCP_FLAGS,0.498649374528055
NUM_PKTS_512_TO_1024_BYTES,TCP_WIN_MAX_OUT,0.49556104182626876
NUM_PKTS_256_TO_512_BYTES,NUM_PKTS_512_TO_1024_BYTES,0.49487303929615706
SRC_TO_DST_AVG_THROUGHPUT,DST_TO_SRC_AVG_THROUGHPUT,0.4914821693296882
TCP_FLAGS,SRC_TO_DST_AVG_THROUGHPUT,0.4886386763875733
TCP_FLAGS,DST_TO_SRC_AVG_THROUGHPUT,0.4871482904019993
SERVER_TCP_FLAGS,NUM_PKTS_256_TO_512_BYTES,0.48697235416898105
OUT_PKTS,NUM_PKTS_256_TO_512_BYTES,0.48004845137536983
NUM_PKTS_1024_TO_1514_BYTES,TCP_WIN_MAX_OUT,0.477009845712734
IN_PKTS,CLIENT_TCP_FLAGS,0.47395823458708036
IN_BYTES,OUT_BYTES,0.4717350069908653
MIN_TTL,SRC_TO_DST_SECOND_BYTES,0.4705797625947242
MAX_TTL,SRC_TO_DST_SECOND_BYTES,0.4705502889420074
IN_BYTES,DST_TO_SRC_SECOND_BYTES,0.4677947042974459
SRC_TO_DST_AVG_THROUGHPUT,NUM_PKTS_128_TO_256_BYTES,0.46556769619813665
OUT_BYTES,NUM_PKTS_1024_TO_1514_BYTES,0.46532663425022297
IN_BYTES,SERVER_TCP_FLAGS,0.4629482204015689
IN_BYTES,TCP_WIN_MAX_IN,0.4603468810016983
SERVER_TCP_FLAGS,NUM_PKTS_512_TO_1024_BYTES,0.4595204351555597
IN_BYTES,OUT_PKTS,0.45897911924345697
OUT_BYTES,NUM_PKTS_256_TO_512_BYTES,0.4579811113584348
DST_TO_SRC_SECOND_BYTES,NUM_PKTS_256_TO_512_BYTES,0.45410163718732277
SRC_TO_DST_SECOND_BYTES,NUM_PKTS_128_TO_256_BYTES,0.45248030536544387
DST_TO_SRC_SECOND_BYTES,NUM_PKTS_1024_TO_1514_BYTES,0.4513134651622712
IN_PKTS,OUT_PKTS,0.4500574683430683
OUT_PKTS,NUM_PKTS_1024_TO_1514_BYTES,0.4487508027352589
SERVER_TCP_FLAGS,NUM_PKTS_1024_TO_1514_BYTES,0.4453483070389762
NUM_PKTS_256_TO_512_BYTES,NUM_PKTS_1024_TO_1514_BYTES,0.44533781436895237
SRC_TO_DST_AVG_THROUGHPUT,TCP_WIN_MAX_IN,0.4400401029298097
OUT_PKTS,NUM_PKTS_512_TO_1024_BYTES,0.4392888949407795
IN_PKTS,NUM_PKTS_256_TO_512_BYTES,0.43865537790323095
OUT_BYTES,TCP_WIN_MAX_IN,0.43841823362755533
DST_TO_SRC_SECOND_BYTES,TCP_WIN_MAX_IN,0.4380332990913426
LONGEST_FLOW_PKT,NUM_PKTS_1024_TO_1514_BYTES,0.4379341781223336
MAX_IP_PKT_LEN,NUM_PKTS_1024_TO_1514_BYTES,0.4379341781223336
IN_PKTS,TCP_FLAGS,0.4378457024595666
OUT_BYTES,NUM_PKTS_512_TO_1024_BYTES,0.4305315863309576
LONGEST_FLOW_PKT,MIN_IP_PKT_LEN,0.4290337570143441
MIN_IP_PKT_LEN,MAX_IP_PKT_LEN,0.4290337570143441
CLIENT_TCP_FLAGS,NUM_PKTS_256_TO_512_BYTES,0.4290045678747354
CLIENT_TCP_FLAGS,DST_TO_SRC_AVG_THROUGHPUT,0.42893520098454585
DST_TO_SRC_AVG_THROUGHPUT,NUM_PKTS_1024_TO_1514_BYTES,0.42796272706870886
DST_TO_SRC_SECOND_BYTES,NUM_PKTS_512_TO_1024_BYTES,0.42243995235467874
PROTOCOL,DNS_QUERY_TYPE,0.421840801686479
OUT_BYTES,SRC_TO_DST_AVG_THROUGHPUT,0.4218049822642548
LONGEST_FLOW_PKT,NUM_PKTS_256_TO_512_BYTES,0.42152447986549124
MAX_IP_PKT_LEN,NUM_PKTS_256_TO_512_BYTES,0.42152447986549124
NUM_PKTS_UP_TO_128_BYTES,NUM_PKTS_256_TO_512_BYTES,0.4200159595383572
DST_TO_SRC_SECOND_BYTES,SRC_TO_DST_AVG_THROUGHPUT,0.4198603823902618
TCP_FLAGS,NUM_PKTS_256_TO_512_BYTES,0.419204976964687
NUM_PKTS_512_TO_1024_BYTES,NUM_PKTS_1024_TO_1514_BYTES,0.4187463813065434
IN_BYTES,DST_TO_SRC_AVG_THROUGHPUT,0.4181816219710436
CLIENT_TCP_FLAGS,NUM_PKTS_512_TO_1024_BYTES,0.41620350531366584
SHORTEST_FLOW_PKT,NUM_PKTS_128_TO_256_BYTES,0.4149143517833698
IN_PKTS,NUM_PKTS_1024_TO_1514_BYTES,0.41443625088867864
IN_BYTES,SHORTEST_FLOW_PKT,0.41021165292408607
L7_PROTO,SRC_TO_DST_SECOND_BYTES,0.40922065816793246
IN_BYTES,NUM_PKTS_256_TO_512_BYTES,0.4088729528749473
IN_PKTS,NUM_PKTS_512_TO_1024_BYTES,0.40829187622269303
RETRANSMITTED_IN_PKTS,RETRANSMITTED_OUT_PKTS,0.4075030832149373
TCP_FLAGS,NUM_PKTS_512_TO_1024_BYTES,0.40694835005397323
PROTOCOL,DNS_QUERY_ID,0.40685197929711003
SERVER_TCP_FLAGS,MIN_IP_PKT_LEN,0.40519951165953394
MAX_TTL,TCP_WIN_MAX_OUT,0.40502040207500334
MIN_TTL,TCP_WIN_MAX_OUT,0.40417602386919926
CLIENT_TCP_FLAGS,NUM_PKTS_1024_TO_1514_BYTES,0.4016253537762929
RETRANSMITTED_IN_BYTES,RETRANSMITTED_OUT_PKTS,0.40135264581456487
IN_PKTS,TCP_WIN_MAX_IN,0.3995978043975457
SRC_TO_DST_SECOND_BYTES,SRC_TO_DST_AVG_THROUGHPUT,0.3992374494083766
TCP_FLAGS,NUM_PKTS_UP_TO_128_BYTES,0.3971857748618183
RETRANSMITTED_IN_BYTES,RETRANSMITTED_OUT_BYTES,0.39567662216085897
NUM_PKTS_UP_TO_128_BYTES,NUM_PKTS_512_TO_1024_BYTES,0.39270242824334806
NUM_PKTS_UP_TO_128_BYTES,NUM_PKTS_1024_TO_1514_BYTES,0.3910785361087708
MAX_IP_PKT_LEN,NUM_PKTS_512_TO_1024_BYTES,0.3907475738263622
LONGEST_FLOW_PKT,NUM_PKTS_512_TO_1024_BYTES,0.3907475738263622
OUT_PKTS,SRC_TO_DST_AVG_THROUGHPUT,0.39007302180493664
RETRANSMITTED_IN_PKTS,RETRANSMITTED_OUT_BYTES,0.38893549282702916
IN_BYTES,NUM_PKTS_1024_TO_1514_BYTES,0.38786927127143467
TCP_FLAGS,NUM_PKTS_1024_TO_1514_BYTES,0.38764385204972274
NUM_PKTS_256_TO_512_BYTES,TCP_WIN_MAX_IN,0.3851613147634919
DST_TO_SRC_AVG_THROUGHPUT,NUM_PKTS_256_TO_512_BYTES,0.38270500374422456
FLOW_DURATION_MILLISECONDS,SRC_TO_DST_SECOND_BYTES,0.38080879162724435
IN_BYTES,NUM_PKTS_512_TO_1024_BYTES,0.379060986016865
MIN_IP_PKT_LEN,NUM_PKTS_UP_TO_128_BYTES,0.37733900182430685
IN_PKTS,MAX_IP_PKT_LEN,0.3767174695594536
IN_PKTS,LONGEST_FLOW_PKT,0.3767174695594536
PROTOCOL,DNS_TTL_ANSWER,0.37378173606542525
IN_PKTS,OUT_BYTES,0.3734932690315
DST_TO_SRC_AVG_THROUGHPUT,NUM_PKTS_512_TO_1024_BYTES,0.37349295104776825
MIN_IP_PKT_LEN,TCP_WIN_MAX_OUT,0.37095072278031355
IN_PKTS,DST_TO_SRC_SECOND_BYTES,0.3677989492602837
CLIENT_TCP_FLAGS,NUM_PKTS_UP_TO_128_BYTES,0.3667454483885822
SERVER_TCP_FLAGS,SRC_TO_DST_AVG_THROUGHPUT,0.36673311404204156
NUM_PKTS_512_TO_1024_BYTES,TCP_WIN_MAX_IN,0.36479544308427897
PROTOCOL,L7_PROTO,0.3633927495202396
DST_TO_SRC_AVG_THROUGHPUT,TCP_WIN_MAX_IN,0.3603941131679655
IN_BYTES,NUM_PKTS_UP_TO_128_BYTES,0.3594244269265236
L7_PROTO,MAX_TTL,0.3588693224147592
L7_PROTO,MIN_TTL,0.358831314694228
DST_TO_SRC_AVG_THROUGHPUT,DNS_QUERY_TYPE,0.35674429838724553
SHORTEST_FLOW_PKT,MIN_IP_PKT_LEN,0.3517909325752734
DURATION_OUT,TCP_WIN_MAX_OUT,0.351759634369172
NUM_PKTS_1024_TO_1514_BYTES,TCP_WIN_MAX_IN,0.35167586649265986
FLOW_DURATION_MILLISECONDS,DURATION_OUT,0.34251524822112156
SHORTEST_FLOW_PKT,DNS_QUERY_TYPE,0.34240929117852514
MIN_IP_PKT_LEN,SRC_TO_DST_AVG_THROUGHPUT,0.3411556426940077
SRC_TO_DST_AVG_THROUGHPUT,NUM_PKTS_1024_TO_1514_BYTES,0.33856873118195974
CLIENT_TCP_FLAGS,NUM_PKTS_128_TO_256_BYTES,0.3380091801610695
SRC_TO_DST_AVG_THROUGHPUT,TCP_WIN_MAX_OUT,0.33515066597321486
DST_TO_SRC_AVG_THROUGHPUT,DNS_TTL_ANSWER,0.33089511869263066
DST_TO_SRC_AVG_THROUGHPUT,DNS_QUERY_ID,0.330058520898713
DURATION_OUT,TCP_WIN_MAX_IN,0.3266303984491975
LONGEST_FLOW_PKT,SRC_TO_DST_SECOND_BYTES,0.32597396800126255
MAX_IP_PKT_LEN,SRC_TO_DST_SECOND_BYTES,0.32597396800126255
DURATION_IN,MIN_TTL,0.3248656940196262
DURATION_IN,MAX_TTL,0.32462091269385285
TCP_FLAGS,NUM_PKTS_128_TO_256_BYTES,0.32443119246970803
MAX_TTL,LONGEST_FLOW_PKT,0.3208498043873
MAX_TTL,MAX_IP_PKT_LEN,0.3208498043873
MIN_TTL,MAX_IP_PKT_LEN,0.3207654519291019
MIN_TTL,LONGEST_FLOW_PKT,0.3207654519291019
FLOW_DURATION_MILLISECONDS,MIN_TTL,0.32045343968109635
NUM_PKTS_UP_TO_128_BYTES,TCP_WIN_MAX_IN,0.32043690730741403
FLOW_DURATION_MILLISECONDS,MAX_TTL,0.32027533007391706
OUT_PKTS,DURATION_OUT,0.31406761395428
SHORTEST_FLOW_PKT,DNS_QUERY_ID,0.3133025527691048
DST_TO_SRC_SECOND_BYTES,DNS_QUERY_TYPE,0.31121230621022467
MAX_TTL,NUM_PKTS_UP_TO_128_BYTES,0.31058632700841027
OUT_BYTES,DNS_QUERY_TYPE,0.3103720518737258
MIN_TTL,NUM_PKTS_UP_TO_128_BYTES,0.31024232480603076
SERVER_TCP_FLAGS,DURATION_OUT,0.30940989787217443
SERVER_TCP_FLAGS,MAX_TTL,0.30751484011813524
SERVER_TCP_FLAGS,MIN_TTL,0.30697082895682615
DURATION_OUT,DST_TO_SRC_SECOND_BYTES,0.3034277689946417
IN_BYTES,MIN_IP_PKT_LEN,0.3027255020971338
OUT_PKTS,RETRANSMITTED_OUT_BYTES,0.3026896081734814
MIN_TTL,NUM_PKTS_128_TO_256_BYTES,0.3010250969168787
MAX_TTL,NUM_PKTS_128_TO_256_BYTES,0.3010121559758911
OUT_PKTS,RETRANSMITTED_OUT_PKTS,0.30074205729922904
RETRANSMITTED_OUT_BYTES,NUM_PKTS_1024_TO_1514_BYTES,0.29463439136569247
IN_BYTES,RETRANSMITTED_IN_BYTES,0.2931163972925923
RETRANSMITTED_OUT_PKTS,NUM_PKTS_1024_TO_1514_BYTES,0.2912380043618723
MAX_TTL,NUM_PKTS_512_TO_1024_BYTES,0.29046417528048946
MIN_TTL,NUM_PKTS_512_TO_1024_BYTES,0.2901580488245604
CLIENT_TCP_FLAGS,MAX_TTL,0.28985462062403683
CLIENT_TCP_FLAGS,MIN_TTL,0.28927054168283745
IN_BYTES,ICMP_IPV4_TYPE,0.28809759112547195
IN_BYTES,ICMP_TYPE,0.28809758607482205
IN_BYTES,RETRANSMITTED_IN_PKTS,0.28763243586736814
DST_TO_SRC_SECOND_BYTES,DNS_QUERY_ID,0.287391254760649
OUT_BYTES,DNS_QUERY_ID,0.2866600787626206
CLIENT_TCP_FLAGS,DURATION_OUT,0.2865518938347185
OUT_BYTES,DURATION_OUT,0.2840462779478572
DST_TO_SRC_SECOND_BYTES,DNS_TTL_ANSWER,0.28401922727509155
OUT_BYTES,DNS_TTL_ANSWER,0.2840142917174333
SHORTEST_FLOW_PKT,DNS_TTL_ANSWER,0.2838389788767201
IN_PKTS,DST_TO_SRC_AVG_THROUGHPUT,0.27825089673680037
DURATION_OUT,NUM_PKTS_UP_TO_128_BYTES,0.2757551204368715
IN_PKTS,SRC_TO_DST_AVG_THROUGHPUT,0.275661782602701
DURATION_OUT,NUM_PKTS_256_TO_512_BYTES,0.2750800950378872
RETRANSMITTED_OUT_PKTS,FTP_COMMAND_RET_CODE,0.2732197475974688
SHORTEST_FLOW_PKT,SRC_TO_DST_SECOND_BYTES,0.2704112746596798
CLIENT_TCP_FLAGS,SHORTEST_FLOW_PKT,0.26894467127941746
IN_PKTS,RETRANSMITTED_IN_BYTES,0.268863736690633
TCP_FLAGS,DURATION_OUT,0.268271353749453
TCP_FLAGS,MAX_TTL,0.2681120038110343
OUT_BYTES,RETRANSMITTED_OUT_BYTES,0.2680202458174724
TCP_FLAGS,MIN_TTL,0.26763212907355705
RETRANSMITTED_OUT_PKTS,ICMP_IPV4_TYPE,0.2670736271647178
RETRANSMITTED_OUT_PKTS,ICMP_TYPE,0.26707357484550664
IN_PKTS,RETRANSMITTED_IN_PKTS,0.2670072985197134
MAX_TTL,NUM_PKTS_256_TO_512_BYTES,0.2668201554295954
MAX_TTL,SRC_TO_DST_AVG_THROUGHPUT,0.2666228667339325
IN_PKTS,RETRANSMITTED_OUT_BYTES,0.2665957264372182
MIN_TTL,NUM_PKTS_256_TO_512_BYTES,0.26650281567862016
MIN_TTL,SRC_TO_DST_AVG_THROUGHPUT,0.2662789330906298
DST_TO_SRC_SECOND_BYTES,RETRANSMITTED_OUT_BYTES,0.26585957502362884
TCP_FLAGS,MIN_IP_PKT_LEN,0.2654358429946387
RETRANSMITTED_OUT_BYTES,ICMP_IPV4_TYPE,0.26543004962043193
RETRANSMITTED_OUT_BYTES,ICMP_TYPE,0.2654299967583447
RETRANSMITTED_OUT_PKTS,TCP_WIN_MAX_OUT,0.2644936877437271
IN_PKTS,NUM_PKTS_128_TO_256_BYTES,0.2643399643958263
IN_PKTS,RETRANSMITTED_OUT_PKTS,0.2642159785931549
SRC_TO_DST_AVG_THROUGHPUT,NUM_PKTS_256_TO_512_BYTES,0.2631422240904203
RETRANSMITTED_OUT_BYTES,TCP_WIN_MAX_OUT,0.262575149696322
OUT_BYTES,RETRANSMITTED_OUT_PKTS,0.2623906326740722
DST_TO_SRC_SECOND_BYTES,RETRANSMITTED_OUT_PKTS,0.2614731387152813
RETRANSMITTED_OUT_BYTES,NUM_PKTS_UP_TO_128_BYTES,0.25853407733530087
RETRANSMITTED_OUT_PKTS,NUM_PKTS_UP_TO_128_BYTES,0.2580901340422793
IN_PKTS,DURATION_OUT,0.2578741322628407
SERVER_TCP_FLAGS,RETRANSMITTED_OUT_PKTS,0.25412583953399326
SERVER_TCP_FLAGS,RETRANSMITTED_OUT_BYTES,0.2540223253022101
SRC_TO_DST_SECOND_BYTES,ICMP_TYPE,0.2535325282009433
SRC_TO_DST_SECOND_BYTES,ICMP_IPV4_TYPE,0.2535325177957414
TCP_FLAGS,SHORTEST_FLOW_PKT,0.2533523706977385
RETRANSMITTED_OUT_BYTES,NUM_PKTS_256_TO_512_BYTES,0.2525176426815712
SRC_TO_DST_AVG_THROUGHPUT,NUM_PKTS_512_TO_1024_BYTES,0.24955746026089407
SHORTEST_FLOW_PKT,TCP_WIN_MAX_IN,0.24895972504894465
RETRANSMITTED_OUT_PKTS,NUM_PKTS_256_TO_512_BYTES,0.24538021397545873
NUM_PKTS_128_TO_256_BYTES,ICMP_IPV4_TYPE,0.24274757245767492
NUM_PKTS_128_TO_256_BYTES,ICMP_TYPE,0.24274755724845193
MAX_TTL,TCP_WIN_MAX_IN,0.2425288219758757
MIN_TTL,TCP_WIN_MAX_IN,0.2417853419967818
RETRANSMITTED_OUT_BYTES,FTP_COMMAND_RET_CODE,0.24114920189160743
SRC_TO_DST_SECOND_BYTES,RETRANSMITTED_IN_BYTES,0.24025341598865874
LONGEST_FLOW_PKT,ICMP_IPV4_TYPE,0.23867232726316936
MAX_IP_PKT_LEN,ICMP_IPV4_TYPE,0.23867232726316936
MAX_IP_PKT_LEN,ICMP_TYPE,0.23867232297670585
LONGEST_FLOW_PKT,ICMP_TYPE,0.23867232297670585
SRC_TO_DST_SECOND_BYTES,RETRANSMITTED_IN_PKTS,0.23680341161629873
LONGEST_FLOW_PKT,NUM_PKTS_UP_TO_128_BYTES,0.2362883627445626
MAX_IP_PKT_LEN,NUM_PKTS_UP_TO_128_BYTES,0.2362883627445626
LONGEST_FLOW_PKT,RETRANSMITTED_IN_BYTES,0.23450349845825838
MAX_IP_PKT_LEN,RETRANSMITTED_IN_BYTES,0.23450349845825838
MAX_IP_PKT_LEN,RETRANSMITTED_IN_PKTS,0.2338026825440447
LONGEST_FLOW_PKT,RETRANSMITTED_IN_PKTS,0.2338026825440447
MAX_TTL,NUM_PKTS_1024_TO_1514_BYTES,0.2319318163640983
MIN_TTL,NUM_PKTS_1024_TO_1514_BYTES,0.23159140765164316
CLIENT_TCP_FLAGS,MIN_IP_PKT_LEN,0.2302945490276335
IN_BYTES,RETRANSMITTED_OUT_BYTES,0.22756352707963412
IN_BYTES,RETRANSMITTED_OUT_PKTS,0.22530059345471748
RETRANSMITTED_OUT_PKTS,TCP_WIN_MAX_IN,0.22483203364751225
RETRANSMITTED_OUT_BYTES,DST_TO_SRC_AVG_THROUGHPUT,0.22453163922732555
RETRANSMITTED_OUT_PKTS,DST_TO_SRC_AVG_THROUGHPUT,0.22383500594400849
RETRANSMITTED_OUT_BYTES,TCP_WIN_MAX_IN,0.22312610864623766
DURATION_OUT,NUM_PKTS_512_TO_1024_BYTES,0.22096016961665116
MIN_IP_PKT_LEN,NUM_PKTS_256_TO_512_BYTES,0.22006296489504595
L7_PROTO,IN_PKTS,0.22004444054939007
IN_PKTS,ICMP_IPV4_TYPE,0.21996570693542764
IN_PKTS,ICMP_TYPE,0.21996568469287966
MIN_IP_PKT_LEN,TCP_WIN_MAX_IN,0.21872842568259354
CLIENT_TCP_FLAGS,RETRANSMITTED_OUT_PKTS,0.21750089272974593
DURATION_IN,NUM_PKTS_128_TO_256_BYTES,0.2172984905785923
CLIENT_TCP_FLAGS,RETRANSMITTED_OUT_BYTES,0.21680539098647023
CLIENT_TCP_FLAGS,RETRANSMITTED_IN_BYTES,0.2166494882280841
CLIENT_TCP_FLAGS,RETRANSMITTED_IN_PKTS,0.2151126204044871
MAX_TTL,DST_TO_SRC_SECOND_BYTES,0.21434520537191692
TCP_FLAGS,RETRANSMITTED_OUT_PKTS,0.21412187642440006
TCP_FLAGS,RETRANSMITTED_OUT_BYTES,0.21411956318237005
MIN_TTL,DST_TO_SRC_SECOND_BYTES,0.21396738220605582
RETRANSMITTED_IN_PKTS,SRC_TO_DST_AVG_THROUGHPUT,0.21282424750672635
SRC_TO_DST_AVG_THROUGHPUT,ICMP_TYPE,0.211412504619438
SRC_TO_DST_AVG_THROUGHPUT,ICMP_IPV4_TYPE,0.21141249493009717
RETRANSMITTED_IN_BYTES,SRC_TO_DST_AVG_THROUGHPUT,0.21116767523907715
IN_BYTES,DURATION_OUT,0.2111592455257251
OUT_PKTS,MAX_TTL,0.20826099634497763
OUT_BYTES,MAX_TTL,0.20822662532439937
IN_PKTS,FLOW_DURATION_MILLISECONDS,0.20796743299589598
OUT_PKTS,MIN_TTL,0.20785850707870185
OUT_BYTES,MIN_TTL,0.20785201070732298
CLIENT_TCP_FLAGS,SRC_TO_DST_SECOND_BYTES,0.20755477524989402
CLIENT_TCP_FLAGS,ICMP_IPV4_TYPE,0.20559740486935357
CLIENT_TCP_FLAGS,ICMP_TYPE,0.20559735182071845
MIN_IP_PKT_LEN,NUM_PKTS_1024_TO_1514_BYTES,0.20334208955510275
MIN_IP_PKT_LEN,NUM_PKTS_512_TO_1024_BYTES,0.20124226969344539
SHORTEST_FLOW_PKT,ICMP_TYPE,0.20003920342096798
SHORTEST_FLOW_PKT,ICMP_IPV4_TYPE,0.20003918168693546
DURATION_OUT,MIN_IP_PKT_LEN,0.19890460035883745
TCP_FLAGS,RETRANSMITTED_IN_BYTES,0.1983561862708378
RETRANSMITTED_IN_PKTS,NUM_PKTS_128_TO_256_BYTES,0.19762820451371232
TCP_FLAGS,RETRANSMITTED_IN_PKTS,0.1970170791478662
RETRANSMITTED_IN_BYTES,NUM_PKTS_128_TO_256_BYTES,0.19691041922907923
LONGEST_FLOW_PKT,RETRANSMITTED_OUT_BYTES,0.19530297430025478
MAX_IP_PKT_LEN,RETRANSMITTED_OUT_BYTES,0.19530297430025478
DURATION_OUT,LONGEST_FLOW_PKT,0.1949169502021277
DURATION_OUT,MAX_IP_PKT_LEN,0.1949169502021277
MAX_TTL,DST_TO_SRC_AVG_THROUGHPUT,0.1947868307174507
MIN_TTL,DST_TO_SRC_AVG_THROUGHPUT,0.1944069609265729
LONGEST_FLOW_PKT,RETRANSMITTED_OUT_PKTS,0.1928437211801104
MAX_IP_PKT_LEN,RETRANSMITTED_OUT_PKTS,0.1928437211801104
NUM_PKTS_128_TO_256_BYTES,NUM_PKTS_1024_TO_1514_BYTES,0.19125069811510897
NUM_PKTS_128_TO_256_BYTES,TCP_WIN_MAX_IN,0.19097770719949772
TCP_FLAGS,ICMP_IPV4_TYPE,0.1896573044586507
TCP_FLAGS,ICMP_TYPE,0.1896572523491724
SHORTEST_FLOW_PKT,RETRANSMITTED_IN_BYTES,0.18747301273532996
MIN_IP_PKT_LEN,RETRANSMITTED_OUT_PKTS,0.18733417454521792
IN_PKTS,DURATION_IN,0.18707554741071683
RETRANSMITTED_IN_PKTS,NUM_PKTS_1024_TO_1514_BYTES,0.18645950738741618
SHORTEST_FLOW_PKT,RETRANSMITTED_IN_PKTS,0.18577228767146914
RETRANSMITTED_IN_BYTES,NUM_PKTS_1024_TO_1514_BYTES,0.1851082332960383
MIN_IP_PKT_LEN,RETRANSMITTED_OUT_BYTES,0.18481640268287244
RETRANSMITTED_OUT_PKTS,SRC_TO_DST_AVG_THROUGHPUT,0.18235196074643933
RETRANSMITTED_OUT_BYTES,SRC_TO_DST_AVG_THROUGHPUT,0.18154261609965097
IN_BYTES,DURATION_IN,0.18094542652241777
RETRANSMITTED_IN_BYTES,TCP_WIN_MAX_IN,0.1790740639625884
RETRANSMITTED_IN_PKTS,TCP_WIN_MAX_IN,0.17850001648344577
RETRANSMITTED_IN_BYTES,NUM_PKTS_256_TO_512_BYTES,0.17676219908490104
RETRANSMITTED_IN_PKTS,FTP_COMMAND_RET_CODE,0.17476007095077895
OUT_PKTS,DNS_QUERY_TYPE,0.16932034328681927
TCP_FLAGS,SRC_TO_DST_SECOND_BYTES,0.1675581078695448
RETRANSMITTED_OUT_BYTES,NUM_PKTS_512_TO_1024_BYTES,0.16666243330217456
OUT_PKTS,DNS_QUERY_ID,0.16596298974873758
OUT_PKTS,DNS_TTL_ANSWER,0.16361883175681374
RETRANSMITTED_IN_PKTS,NUM_PKTS_256_TO_512_BYTES,0.1610716415919583
PROTOCOL,NUM_PKTS_UP_TO_128_BYTES,0.16060086898384174
RETRANSMITTED_IN_BYTES,TCP_WIN_MAX_OUT,0.16041360557269346
SRC_TO_DST_AVG_THROUGHPUT,NUM_PKTS_UP_TO_128_BYTES,0.16034167187209603
OUT_PKTS,RETRANSMITTED_IN_BYTES,0.1602958499429415
LONGEST_FLOW_PKT,DNS_QUERY_TYPE,0.15880965216290233
MAX_IP_PKT_LEN,DNS_QUERY_TYPE,0.15880965216290233
OUT_PKTS,RETRANSMITTED_IN_PKTS,0.15880797409993752
RETRANSMITTED_IN_PKTS,TCP_WIN_MAX_OUT,0.15756440660175058
RETRANSMITTED_IN_BYTES,FTP_COMMAND_RET_CODE,0.15723032060761202
NUM_PKTS_128_TO_256_BYTES,TCP_WIN_MAX_OUT,0.15488991972076077
TCP_WIN_MAX_IN,ICMP_IPV4_TYPE,0.15468720693230262
TCP_WIN_MAX_IN,ICMP_TYPE,0.1546871691842669
RETRANSMITTED_OUT_PKTS,NUM_PKTS_512_TO_1024_BYTES,0.15148001908579828
RETRANSMITTED_IN_BYTES,NUM_PKTS_512_TO_1024_BYTES,0.14402654200684115
SRC_TO_DST_AVG_THROUGHPUT,DNS_QUERY_TYPE,0.14333744792737277
SHORTEST_FLOW_PKT,DST_TO_SRC_SECOND_BYTES,0.14322584927491497
LONGEST_FLOW_PKT,DNS_TTL_ANSWER,0.14296109688881609
MAX_IP_PKT_LEN,DNS_TTL_ANSWER,0.14296109688881609
SERVER_TCP_FLAGS,RETRANSMITTED_IN_BYTES,0.1410395247230779
OUT_BYTES,SHORTEST_FLOW_PKT,0.14080250575389477
SERVER_TCP_FLAGS,RETRANSMITTED_IN_PKTS,0.13978639734773654
ICMP_IPV4_TYPE,FTP_COMMAND_RET_CODE,0.13913444586468127
ICMP_TYPE,FTP_COMMAND_RET_CODE,0.13913444586262258
SERVER_TCP_FLAGS,NUM_PKTS_128_TO_256_BYTES,0.13700308345255136
SHORTEST_FLOW_PKT,DST_TO_SRC_AVG_THROUGHPUT,0.13547181774181905
MAX_IP_PKT_LEN,DNS_QUERY_ID,0.13462186432632864
LONGEST_FLOW_PKT,DNS_QUERY_ID,0.13462186432632864
DURATION_IN,ICMP_TYPE,0.13291615924616146
DURATION_IN,ICMP_IPV4_TYPE,0.1329161443471579
RETRANSMITTED_IN_PKTS,NUM_PKTS_512_TO_1024_BYTES,0.13223512324466655
DURATION_OUT,MAX_TTL,0.13076893535554845
DURATION_OUT,MIN_TTL,0.13057809398085007
PROTOCOL,FLOW_DURATION_MILLISECONDS,0.12913448144050976
NUM_PKTS_256_TO_512_BYTES,ICMP_IPV4_TYPE,0.12660855681804717
NUM_PKTS_256_TO_512_BYTES,ICMP_TYPE,0.12660852411769474
SRC_TO_DST_AVG_THROUGHPUT,DNS_QUERY_ID,0.12427663331628874
DST_TO_SRC_AVG_THROUGHPUT,NUM_PKTS_128_TO_256_BYTES,0.1240244841214995
IN_BYTES,FLOW_DURATION_MILLISECONDS,0.12303225801514577
NUM_PKTS_1024_TO_1514_BYTES,ICMP_TYPE,0.12283182212630524
NUM_PKTS_1024_TO_1514_BYTES,ICMP_IPV4_TYPE,0.12283180864566975
SRC_TO_DST_SECOND_BYTES,TCP_WIN_MAX_OUT,0.12187418272451175
OUT_BYTES,RETRANSMITTED_IN_BYTES,0.11612410365925346
NUM_PKTS_128_TO_256_BYTES,NUM_PKTS_512_TO_1024_BYTES,0.1154073961020465
NUM_PKTS_128_TO_256_BYTES,NUM_PKTS_256_TO_512_BYTES,0.11507177056696437
DST_TO_SRC_SECOND_BYTES,NUM_PKTS_128_TO_256_BYTES,0.11418886728051031
DST_TO_SRC_SECOND_BYTES,RETRANSMITTED_IN_BYTES,0.11361232619353151
TCP_WIN_MAX_OUT,ICMP_IPV4_TYPE,0.1130840440598633
TCP_WIN_MAX_OUT,ICMP_TYPE,0.11308399677117267
OUT_BYTES,RETRANSMITTED_IN_PKTS,0.11260099307088703
SRC_TO_DST_AVG_THROUGHPUT,DNS_TTL_ANSWER,0.11147675127143811
DURATION_IN,RETRANSMITTED_IN_PKTS,0.1106869858728395
SERVER_TCP_FLAGS,FTP_COMMAND_RET_CODE,0.11051718046846207
DST_TO_SRC_SECOND_BYTES,RETRANSMITTED_IN_PKTS,0.11037179133210495
DURATION_IN,RETRANSMITTED_IN_BYTES,0.10979728138903257
OUT_PKTS,FTP_COMMAND_RET_CODE,0.10812913418601246
OUT_BYTES,NUM_PKTS_128_TO_256_BYTES,0.10788525684755276
NUM_PKTS_UP_TO_128_BYTES,FTP_COMMAND_RET_CODE,0.10615205421528055
SERVER_TCP_FLAGS,ICMP_IPV4_TYPE,0.10449611673564244
SERVER_TCP_FLAGS,ICMP_TYPE,0.10449606299347894
DURATION_OUT,NUM_PKTS_1024_TO_1514_BYTES,0.10191180361768226
SRC_TO_DST_SECOND_BYTES,TCP_WIN_MAX_IN,0.10112599079169446
CLIENT_TCP_FLAGS,FTP_COMMAND_RET_CODE,0.10095982090269434
OUT_PKTS,ICMP_IPV4_TYPE,0.10082602964989668
OUT_PKTS,ICMP_TYPE,0.10082597528765316
NUM_PKTS_512_TO_1024_BYTES,ICMP_IPV4_TYPE,0.09954017989578043
NUM_PKTS_512_TO_1024_BYTES,ICMP_TYPE,0.09954015669863099
TCP_FLAGS,FTP_COMMAND_RET_CODE,0.09841705952626523
OUT_PKTS,NUM_PKTS_128_TO_256_BYTES,0.09797416273950321
L7_PROTO,NUM_PKTS_UP_TO_128_BYTES,0.09790988187827031
DURATION_OUT,RETRANSMITTED_OUT_BYTES,0.09637587480216137
TCP_WIN_MAX_OUT,FTP_COMMAND_RET_CODE,0.09479367892227314
DST_TO_SRC_SECOND_BYTES,FTP_COMMAND_RET_CODE,0.09426371275530715
L7_PROTO,IN_BYTES,0.09262013036620009
DURATION_OUT,RETRANSMITTED_OUT_PKTS,0.09258495685534274
PROTOCOL,MIN_IP_PKT_LEN,0.09206314514273999
DURATION_OUT,DST_TO_SRC_AVG_THROUGHPUT,0.0913060326774396
RETRANSMITTED_IN_PKTS,DST_TO_SRC_AVG_THROUGHPUT,0.09096549522563822
MAX_TTL,ICMP_TYPE,0.09054189090642518
MAX_TTL,ICMP_IPV4_TYPE,0.09054186142860864
OUT_BYTES,FTP_COMMAND_RET_CODE,0.09044288366371807
PROTOCOL,DURATION_IN,0.09025507796565634
DST_TO_SRC_AVG_THROUGHPUT,FTP_COMMAND_RET_CODE,0.09022467005434358
MIN_TTL,ICMP_TYPE,0.09007201317701827
MIN_TTL,ICMP_IPV4_TYPE,0.09007198365051704
SRC_TO_DST_SECOND_BYTES,NUM_PKTS_1024_TO_1514_BYTES,0.0898267354812618
RETRANSMITTED_IN_BYTES,DST_TO_SRC_AVG_THROUGHPUT,0.08792081488966733
OUT_PKTS,SHORTEST_FLOW_PKT,0.08609860162017345
MIN_IP_PKT_LEN,FTP_COMMAND_RET_CODE,0.08492522061694562
MAX_TTL,RETRANSMITTED_IN_PKTS,0.08312682791602256
MIN_TTL,RETRANSMITTED_IN_PKTS,0.08264348900070831
IN_PKTS,FTP_COMMAND_RET_CODE,0.08121534379989584
SRC_TO_DST_AVG_THROUGHPUT,FTP_COMMAND_RET_CODE,0.08108338444112376
OUT_BYTES,ICMP_IPV4_TYPE,0.08044057554666946
OUT_BYTES,ICMP_TYPE,0.08044052369332148
MAX_TTL,RETRANSMITTED_IN_BYTES,0.07923890390031801
DST_TO_SRC_SECOND_BYTES,ICMP_IPV4_TYPE,0.07915051810030188
DST_TO_SRC_SECOND_BYTES,ICMP_TYPE,0.07915046652706524
MIN_TTL,RETRANSMITTED_IN_BYTES,0.07872313428049386
SRC_TO_DST_SECOND_BYTES,NUM_PKTS_256_TO_512_BYTES,0.07415349022756765
SRC_TO_DST_SECOND_BYTES,RETRANSMITTED_OUT_BYTES,0.07049465401765773
SRC_TO_DST_SECOND_BYTES,RETRANSMITTED_OUT_PKTS,0.06998739293217521
SRC_TO_DST_SECOND_BYTES,NUM_PKTS_UP_TO_128_BYTES,0.06923738900095218
SERVER_TCP_FLAGS,SRC_TO_DST_SECOND_BYTES,0.06879163671768845
DURATION_IN,SHORTEST_FLOW_PKT,0.06871336105770735
TCP_WIN_MAX_IN,FTP_COMMAND_RET_CODE,0.06563275269327777
SHORTEST_FLOW_PKT,RETRANSMITTED_OUT_PKTS,0.0646303730688671
SHORTEST_FLOW_PKT,RETRANSMITTED_OUT_BYTES,0.06348903770326185
DST_TO_SRC_AVG_THROUGHPUT,ICMP_IPV4_TYPE,0.06123988826731207
DST_TO_SRC_AVG_THROUGHPUT,ICMP_TYPE,0.06123984861801583
IN_PKTS,MIN_IP_PKT_LEN,0.06109280294921768
DURATION_IN,DURATION_OUT,0.05926917546812156
SRC_TO_DST_SECOND_BYTES,NUM_PKTS_512_TO_1024_BYTES,0.058509419262431556
DURATION_OUT,SRC_TO_DST_SECOND_BYTES,0.0580008079563456
IN_BYTES,FTP_COMMAND_RET_CODE,0.05525921231671437
RETRANSMITTED_IN_BYTES,NUM_PKTS_UP_TO_128_BYTES,0.053704517874135035
RETRANSMITTED_IN_PKTS,NUM_PKTS_UP_TO_128_BYTES,0.05336675644256936
PROTOCOL,SRC_TO_DST_SECOND_BYTES,0.051666692953474924
L7_PROTO,DURATION_OUT,0.048424545083712855
RETRANSMITTED_OUT_PKTS,NUM_PKTS_128_TO_256_BYTES,0.04651666216006867
DURATION_OUT,RETRANSMITTED_IN_BYTES,0.04612269207908795
RETRANSMITTED_OUT_BYTES,NUM_PKTS_128_TO_256_BYTES,0.04570947805647973
DURATION_OUT,RETRANSMITTED_IN_PKTS,0.039163052752405135
FLOW_DURATION_MILLISECONDS,ICMP_IPV4_TYPE,0.03861503421358717
FLOW_DURATION_MILLISECONDS,ICMP_TYPE,0.03861502313028396
SHORTEST_FLOW_PKT,FTP_COMMAND_RET_CODE,0.03834400192079043
DURATION_OUT,ICMP_IPV4_TYPE,0.03614967237022155
DURATION_OUT,ICMP_TYPE,0.03614963486066148
DURATION_OUT,SHORTEST_FLOW_PKT,0.03545548552160016
MIN_IP_PKT_LEN,RETRANSMITTED_IN_BYTES,0.030808657568641394
MIN_IP_PKT_LEN,RETRANSMITTED_IN_PKTS,0.02727779492196778
NUM_PKTS_UP_TO_128_BYTES,ICMP_IPV4_TYPE,0.022868006407575976
NUM_PKTS_UP_TO_128_BYTES,ICMP_TYPE,0.022867949217324546
FLOW_DURATION_MILLISECONDS,RETRANSMITTED_IN_BYTES,0.022852663708088194
FLOW_DURATION_MILLISECONDS,RETRANSMITTED_IN_PKTS,0.02263459218649646
LONGEST_FLOW_PKT,FTP_COMMAND_RET_CODE,0.01939012764634275
MAX_IP_PKT_LEN,FTP_COMMAND_RET_CODE,0.01939012764634275
SRC_TO_DST_SECOND_BYTES,FTP_COMMAND_RET_CODE,0.018151075686079224
FLOW_DURATION_MILLISECONDS,NUM_PKTS_128_TO_256_BYTES,0.01721984605485753
SHORTEST_FLOW_PKT,TCP_WIN_MAX_OUT,0.01511207389089457
SRC_TO_DST_SECOND_BYTES,DST_TO_SRC_SECOND_BYTES,0.011190302284710907
IN_BYTES,DNS_QUERY_TYPE,0.010004657339269807
NUM_PKTS_UP_TO_128_BYTES,DNS_QUERY_TYPE,0.006720447773332677
DURATION_OUT,FTP_COMMAND_RET_CODE,0.0036968246201500203
NUM_PKTS_UP_TO_128_BYTES,DNS_QUERY_ID,0.0033426012923878316
L7_PROTO,ICMP_IPV4_TYPE,0.0029882925134190816
L7_PROTO,ICMP_TYPE,0.00298827168524958
MIN_IP_PKT_LEN,ICMP_IPV4_TYPE,0.001854276092229509
MIN_IP_PKT_LEN,ICMP_TYPE,0.0018542310167079124
FLOW_DURATION_MILLISECONDS,NUM_PKTS_UP_TO_128_BYTES,0.0010458958935160786
OUT_BYTES,SRC_TO_DST_SECOND_BYTES,0.00015353488755812106
PROTOCOL,ICMP_IPV4_TYPE,0.0
PROTOCOL,MIN_TTL,0.0
L7_PROTO,DNS_TTL_ANSWER,0.0
L7_PROTO,DNS_QUERY_TYPE,0.0
L7_PROTO,DNS_QUERY_ID,0.0
L7_PROTO,TCP_WIN_MAX_OUT,0.0
L7_PROTO,NUM_PKTS_1024_TO_1514_BYTES,0.0
L7_PROTO,TCP_WIN_MAX_IN,0.0
MIN_IP_PKT_LEN,NUM_PKTS_128_TO_256_BYTES,0.0
PROTOCOL,CLIENT_TCP_FLAGS,0.0
NUM_PKTS_1024_TO_1514_BYTES,DNS_QUERY_TYPE,0.0
NUM_PKTS_1024_TO_1514_BYTES,DNS_QUERY_ID,0.0
NUM_PKTS_1024_TO_1514_BYTES,DNS_TTL_ANSWER,0.0
NUM_PKTS_1024_TO_1514_BYTES,FTP_COMMAND_RET_CODE,0.0
PROTOCOL,TCP_WIN_MAX_IN,0.0
PROTOCOL,TCP_WIN_MAX_OUT,0.0
MIN_IP_PKT_LEN,SRC_TO_DST_SECOND_BYTES,0.0
SHORTEST_FLOW_PKT,NUM_PKTS_1024_TO_1514_BYTES,0.0
MAX_TTL,DNS_QUERY_ID,0.0
IN_PKTS,SHORTEST_FLOW_PKT,0.0
MAX_TTL,DNS_TTL_ANSWER,0.0
MAX_TTL,DNS_QUERY_TYPE,0.0
MAX_TTL,FTP_COMMAND_RET_CODE,0.0
SRC_TO_DST_SECOND_BYTES,DST_TO_SRC_AVG_THROUGHPUT,0.0
IN_PKTS,DNS_QUERY_ID,0.0
IN_PKTS,DNS_QUERY_TYPE,0.0
IN_PKTS,DNS_TTL_ANSWER,0.0
MAX_TTL,MIN_IP_PKT_LEN,0.0
SHORTEST_FLOW_PKT,NUM_PKTS_256_TO_512_BYTES,0.0
SHORTEST_FLOW_PKT,NUM_PKTS_512_TO_1024_BYTES,0.0
IN_BYTES,DNS_QUERY_ID,0.0
IN_BYTES,DNS_TTL_ANSWER,0.0
L7_PROTO,FTP_COMMAND_RET_CODE,0.0
SHORTEST_FLOW_PKT,NUM_PKTS_UP_TO_128_BYTES,0.0
MIN_TTL,FTP_COMMAND_RET_CODE,0.0
MIN_TTL,DNS_TTL_ANSWER,0.0
MIN_TTL,DNS_QUERY_TYPE,0.0
MIN_TTL,DNS_QUERY_ID,0.0
MAX_TTL,RETRANSMITTED_OUT_PKTS,0.0
MAX_TTL,RETRANSMITTED_OUT_BYTES,0.0
SRC_TO_DST_SECOND_BYTES,DNS_TTL_ANSWER,0.0
MAX_TTL,SHORTEST_FLOW_PKT,0.0
DURATION_OUT,DNS_QUERY_TYPE,0.0
DURATION_OUT,DNS_TTL_ANSWER,0.0
MIN_TTL,SHORTEST_FLOW_PKT,0.0
MIN_TTL,MIN_IP_PKT_LEN,0.0
MIN_TTL,RETRANSMITTED_OUT_BYTES,0.0
SRC_TO_DST_SECOND_BYTES,DNS_QUERY_TYPE,0.0
DURATION_OUT,DNS_QUERY_ID,0.0
SRC_TO_DST_SECOND_BYTES,DNS_QUERY_ID,0.0
L7_PROTO,SHORTEST_FLOW_PKT,0.0
PROTOCOL,ICMP_TYPE,0.0
PROTOCOL,DURATION_OUT,0.0
PROTOCOL,SERVER_TCP_FLAGS,0.0
PROTOCOL,MAX_TTL,0.0
PROTOCOL,LONGEST_FLOW_PKT,0.0
PROTOCOL,SHORTEST_FLOW_PKT,0.0
PROTOCOL,MAX_IP_PKT_LEN,0.0
PROTOCOL,NUM_PKTS_128_TO_256_BYTES,0.0
PROTOCOL,NUM_PKTS_256_TO_512_BYTES,0.0
PROTOCOL,NUM_PKTS_512_TO_1024_BYTES,0.0
PROTOCOL,NUM_PKTS_1024_TO_1514_BYTES,0.0
TCP_WIN_MAX_OUT,DNS_QUERY_ID,0.0
TCP_WIN_MAX_OUT,DNS_QUERY_TYPE,0.0
TCP_WIN_MAX_OUT,DNS_TTL_ANSWER,0.0
ICMP_TYPE,DNS_QUERY_ID,0.0
L7_PROTO,NUM_PKTS_256_TO_512_BYTES,0.0
L7_PROTO,NUM_PKTS_128_TO_256_BYTES,0.0
L7_PROTO,DST_TO_SRC_AVG_THROUGHPUT,0.0
L7_PROTO,SRC_TO_DST_AVG_THROUGHPUT,0.0
L7_PROTO,RETRANSMITTED_OUT_PKTS,0.0
L7_PROTO,RETRANSMITTED_OUT_BYTES,0.0
DURATION_OUT,NUM_PKTS_128_TO_256_BYTES,0.0
DURATION_OUT,SRC_TO_DST_AVG_THROUGHPUT,0.0
L7_PROTO,MAX_IP_PKT_LEN,0.0
L7_PROTO,RETRANSMITTED_IN_PKTS,0.0
L7_PROTO,DST_TO_SRC_SECOND_BYTES,0.0
L7_PROTO,RETRANSMITTED_IN_BYTES,0.0
L7_PROTO,MIN_IP_PKT_LEN,0.0
MIN_TTL,RETRANSMITTED_OUT_PKTS,0.0
L7_PROTO,LONGEST_FLOW_PKT,0.0
DURATION_IN,DNS_QUERY_ID,0.0
RETRANSMITTED_IN_PKTS,DNS_TTL_ANSWER,0.0
RETRANSMITTED_IN_PKTS,DNS_QUERY_TYPE,0.0
DURATION_IN,LONGEST_FLOW_PKT,0.0
DURATION_IN,MIN_IP_PKT_LEN,0.0
DURATION_IN,RETRANSMITTED_OUT_BYTES,0.0
DURATION_IN,RETRANSMITTED_OUT_PKTS,0.0
DURATION_IN,MAX_IP_PKT_LEN,0.0
DURATION_IN,DST_TO_SRC_SECOND_BYTES,0.0
DURATION_IN,DST_TO_SRC_AVG_THROUGHPUT,0.0
DURATION_IN,SRC_TO_DST_AVG_THROUGHPUT,0.0
DURATION_IN,TCP_WIN_MAX_OUT,0.0
L7_PROTO,NUM_PKTS_512_TO_1024_BYTES,0.0
DURATION_IN,NUM_PKTS_512_TO_1024_BYTES,0.0
DURATION_IN,NUM_PKTS_1024_TO_1514_BYTES,0.0
RETRANSMITTED_IN_BYTES,DNS_QUERY_TYPE,0.0
RETRANSMITTED_IN_BYTES,DNS_QUERY_ID,0.0
FLOW_DURATION_MILLISECONDS,SRC_TO_DST_AVG_THROUGHPUT,0.0
RETRANSMITTED_OUT_BYTES,DNS_TTL_ANSWER,0.0
RETRANSMITTED_OUT_BYTES,DNS_QUERY_TYPE,0.0
RETRANSMITTED_OUT_BYTES,DNS_QUERY_ID,0.0
DURATION_IN,NUM_PKTS_UP_TO_128_BYTES,0.0
DURATION_IN,NUM_PKTS_256_TO_512_BYTES,0.0
FLOW_DURATION_MILLISECONDS,NUM_PKTS_512_TO_1024_BYTES,0.0
FLOW_DURATION_MILLISECONDS,NUM_PKTS_1024_TO_1514_BYTES,0.0
FLOW_DURATION_MILLISECONDS,TCP_WIN_MAX_OUT,0.0
FLOW_DURATION_MILLISECONDS,TCP_WIN_MAX_IN,0.0
FLOW_DURATION_MILLISECONDS,DNS_QUERY_ID,0.0
FLOW_DURATION_MILLISECONDS,DNS_QUERY_TYPE,0.0
FLOW_DURATION_MILLISECONDS,DNS_TTL_ANSWER,0.0
FLOW_DURATION_MILLISECONDS,FTP_COMMAND_RET_CODE,0.0
FLOW_DURATION_MILLISECONDS,DST_TO_SRC_AVG_THROUGHPUT,0.0
FLOW_DURATION_MILLISECONDS,NUM_PKTS_256_TO_512_BYTES,0.0
RETRANSMITTED_OUT_PKTS,DNS_QUERY_TYPE,0.0
RETRANSMITTED_OUT_PKTS,DNS_QUERY_ID,0.0
RETRANSMITTED_OUT_PKTS,DNS_TTL_ANSWER,0.0
PROTOCOL,FTP_COMMAND_RET_CODE,0.0
SERVER_TCP_FLAGS,DNS_TTL_ANSWER,0.0
FLOW_DURATION_MILLISECONDS,LONGEST_FLOW_PKT,0.0
SERVER_TCP_FLAGS,DNS_QUERY_ID,0.0
SERVER_TCP_FLAGS,DNS_QUERY_TYPE,0.0
FLOW_DURATION_MILLISECONDS,MIN_IP_PKT_LEN,0.0
FLOW_DURATION_MILLISECONDS,SHORTEST_FLOW_PKT,0.0
DURATION_IN,DNS_TTL_ANSWER,0.0
DURATION_IN,DNS_QUERY_TYPE,0.0
DURATION_IN,FTP_COMMAND_RET_CODE,0.0
RETRANSMITTED_IN_PKTS,DNS_QUERY_ID,0.0
DURATION_IN,TCP_WIN_MAX_IN,0.0
RETRANSMITTED_IN_BYTES,DNS_TTL_ANSWER,0.0
L7_PROTO,OUT_PKTS,0.0
L7_PROTO,OUT_BYTES,0.0
FLOW_DURATION_MILLISECONDS,RETRANSMITTED_OUT_PKTS,0.0
FLOW_DURATION_MILLISECONDS,RETRANSMITTED_OUT_BYTES,0.0
FLOW_DURATION_MILLISECONDS,MAX_IP_PKT_LEN,0.0
FLOW_DURATION_MILLISECONDS,DST_TO_SRC_SECOND_BYTES,0.0
L7_PROTO,CLIENT_TCP_FLAGS,0.0
L7_PROTO,TCP_FLAGS,0.0
SERVER_TCP_FLAGS,FLOW_DURATION_MILLISECONDS,0.0
SERVER_TCP_FLAGS,DURATION_IN,0.0
SERVER_TCP_FLAGS,SHORTEST_FLOW_PKT,0.0
OUT_PKTS,FLOW_DURATION_MILLISECONDS,0.0
L7_PROTO,SERVER_TCP_FLAGS,0.0
OUT_BYTES,FLOW_DURATION_MILLISECONDS,0.0
OUT_BYTES,DURATION_IN,0.0
CLIENT_TCP_FLAGS,DNS_TTL_ANSWER,0.0
CLIENT_TCP_FLAGS,DNS_QUERY_TYPE,0.0
CLIENT_TCP_FLAGS,DNS_QUERY_ID,0.0
OUT_PKTS,SRC_TO_DST_SECOND_BYTES,0.0
OUT_PKTS,DURATION_IN,0.0
NUM_PKTS_UP_TO_128_BYTES,NUM_PKTS_128_TO_256_BYTES,0.0
NUM_PKTS_UP_TO_128_BYTES,DNS_TTL_ANSWER,0.0
TCP_FLAGS,DNS_QUERY_ID,0.0
TCP_FLAGS,DNS_QUERY_TYPE,0.0
TCP_FLAGS,DNS_TTL_ANSWER,0.0
CLIENT_TCP_FLAGS,FLOW_DURATION_MILLISECONDS,0.0
CLIENT_TCP_FLAGS,DURATION_IN,0.0
NUM_PKTS_128_TO_256_BYTES,DNS_QUERY_ID,0.0
NUM_PKTS_128_TO_256_BYTES,DNS_QUERY_TYPE,0.0
NUM_PKTS_128_TO_256_BYTES,DNS_TTL_ANSWER,0.0
NUM_PKTS_128_TO_256_BYTES,FTP_COMMAND_RET_CODE,0.0
NUM_PKTS_256_TO_512_BYTES,DNS_QUERY_ID,0.0
NUM_PKTS_256_TO_512_BYTES,DNS_QUERY_TYPE,0.0
ICMP_TYPE,DNS_QUERY_TYPE,0.0
ICMP_TYPE,DNS_TTL_ANSWER,0.0
ICMP_IPV4_TYPE,DNS_QUERY_ID,0.0
ICMP_IPV4_TYPE,DNS_QUERY_TYPE,0.0
ICMP_IPV4_TYPE,DNS_TTL_ANSWER,0.0
DNS_QUERY_ID,FTP_COMMAND_RET_CODE,0.0
TCP_FLAGS,FLOW_DURATION_MILLISECONDS,0.0
TCP_FLAGS,DURATION_IN,0.0
NUM_PKTS_256_TO_512_BYTES,DNS_TTL_ANSWER,0.0
NUM_PKTS_256_TO_512_BYTES,FTP_COMMAND_RET_CODE,0.0
NUM_PKTS_512_TO_1024_BYTES,DNS_QUERY_ID,0.0
NUM_PKTS_512_TO_1024_BYTES,DNS_QUERY_TYPE,0.0
NUM_PKTS_512_TO_1024_BYTES,DNS_TTL_ANSWER,0.0
NUM_PKTS_512_TO_1024_BYTES,FTP_COMMAND_RET_CODE,0.0
PROTOCOL,DST_TO_SRC_SECOND_BYTES,0.0
PROTOCOL,RETRANSMITTED_IN_BYTES,0.0
PROTOCOL,RETRANSMITTED_IN_PKTS,0.0
PROTOCOL,RETRANSMITTED_OUT_BYTES,0.0
PROTOCOL,RETRANSMITTED_OUT_PKTS,0.0
PROTOCOL,SRC_TO_DST_AVG_THROUGHPUT,0.0
PROTOCOL,DST_TO_SRC_AVG_THROUGHPUT,0.0
PROTOCOL,TCP_FLAGS,0.0
TCP_WIN_MAX_IN,DNS_QUERY_ID,0.0
TCP_WIN_MAX_IN,DNS_QUERY_TYPE,0.0
TCP_WIN_MAX_IN,DNS_TTL_ANSWER,0.0
PROTOCOL,OUT_PKTS,0.0
PROTOCOL,OUT_BYTES,0.0
PROTOCOL,IN_PKTS,0.0
PROTOCOL,IN_BYTES,0.0
DNS_QUERY_TYPE,FTP_COMMAND_RET_CODE,0.0
DNS_TTL_ANSWER,FTP_COMMAND_RET_CODE,0.0
