Block_1,Block_2,Feature_1,Feature_2,Dependency
13,15,TCP_FLAGS,SERVER_TCP_FLAGS,0.7897721794654142
13,15,CLIENT_TCP_FLAGS,SERVER_TCP_FLAGS,0.7017337828746046
12,14,SRC_TO_DST_SECOND_BYTES,IN_BYTES,0.6855437257035031
2,3,RETRANSMITTED_IN_BYTES,ICMP_IPV4_TYPE,0.6430133307231178
2,3,RETRANSMITTED_IN_BYTES,ICMP_TYPE,0.6430132963925371
13,14,CLIENT_TCP_FLAGS,MAX_IP_PKT_LEN,0.6401153873575791
13,14,CLIENT_TCP_FLAGS,LONGEST_FLOW_PKT,0.6401153873575791
13,15,CLIENT_TCP_FLAGS,TCP_WIN_MAX_OUT,0.6398885854722814
6,15,MIN_IP_PKT_LEN,DST_TO_SRC_SECOND_BYTES,0.63131730839072
15,16,OUT_PKTS,NUM_PKTS_UP_TO_128_BYTES,0.6297067391414024
6,15,MIN_IP_PKT_LEN,OUT_BYTES,0.6288493819109701
14,16,IN_BYTES,IN_PKTS,0.622623812843089
2,3,RETRANSMITTED_IN_PKTS,ICMP_IPV4_TYPE,0.6208238358696522
2,3,RETRANSMITTED_IN_PKTS,ICMP_TYPE,0.6208238038636299
13,14,TCP_FLAGS,LONGEST_FLOW_PKT,0.6169313560186995
13,14,TCP_FLAGS,MAX_IP_PKT_LEN,0.6169313560186995
13,15,TCP_WIN_MAX_IN,SERVER_TCP_FLAGS,0.6149394068470158
14,15,LONGEST_FLOW_PKT,OUT_BYTES,0.6043651146377496
14,15,MAX_IP_PKT_LEN,OUT_BYTES,0.6043651146377496
13,15,TCP_FLAGS,TCP_WIN_MAX_OUT,0.6021402402796773
5,6,DNS_QUERY_TYPE,MIN_IP_PKT_LEN,0.6019333540620109
14,15,MAX_IP_PKT_LEN,DST_TO_SRC_SECOND_BYTES,0.5985377692481035
14,15,LONGEST_FLOW_PKT,DST_TO_SRC_SECOND_BYTES,0.5985377692481035
6,15,MIN_IP_PKT_LEN,DST_TO_SRC_AVG_THROUGHPUT,0.5931074214355251
13,15,TCP_WIN_MAX_IN,TCP_WIN_MAX_OUT,0.5835533043567083
14,15,MAX_IP_PKT_LEN,DST_TO_SRC_AVG_THROUGHPUT,0.5631560702543524
14,15,LONGEST_FLOW_PKT,DST_TO_SRC_AVG_THROUGHPUT,0.5631560702543524
13,14,TCP_WIN_MAX_IN,LONGEST_FLOW_PKT,0.5547068054438662
13,14,TCP_WIN_MAX_IN,MAX_IP_PKT_LEN,0.5547068054438662
13,14,CLIENT_TCP_FLAGS,IN_BYTES,0.5524580802089656
15,16,TCP_WIN_MAX_OUT,IN_PKTS,0.548116296469279
9,12,DURATION_IN,SRC_TO_DST_SECOND_BYTES,0.5450339900442748
15,16,TCP_WIN_MAX_OUT,NUM_PKTS_UP_TO_128_BYTES,0.5425036697200613
15,16,DST_TO_SRC_SECOND_BYTES,NUM_PKTS_UP_TO_128_BYTES,0.5424091742612378
15,16,SERVER_TCP_FLAGS,NUM_PKTS_UP_TO_128_BYTES,0.5422959967517886
5,6,DNS_QUERY_ID,MIN_IP_PKT_LEN,0.5364385025839973
15,16,OUT_BYTES,NUM_PKTS_UP_TO_128_BYTES,0.5356148201218218
13,15,TCP_FLAGS,OUT_PKTS,0.535502586448367
7,14,SHORTEST_FLOW_PKT,LONGEST_FLOW_PKT,0.5327142388917396
7,14,SHORTEST_FLOW_PKT,MAX_IP_PKT_LEN,0.5327142388917395
13,14,TCP_FLAGS,IN_BYTES,0.5200976574645813
6,15,MIN_IP_PKT_LEN,OUT_PKTS,0.5181116871118144
13,15,CLIENT_TCP_FLAGS,OUT_PKTS,0.5162148873833121
5,6,DNS_TTL_ANSWER,MIN_IP_PKT_LEN,0.5067802337942856
14,15,LONGEST_FLOW_PKT,OUT_PKTS,0.505421936536022
14,15,MAX_IP_PKT_LEN,OUT_PKTS,0.505421936536022
14,15,LONGEST_FLOW_PKT,SERVER_TCP_FLAGS,0.50147900627404
14,15,MAX_IP_PKT_LEN,SERVER_TCP_FLAGS,0.50147900627404
7,14,SHORTEST_FLOW_PKT,SRC_TO_DST_AVG_THROUGHPUT,0.4967049395784237
13,14,PROTOCOL,LONGEST_FLOW_PKT,0.4915916706832757
13,14,PROTOCOL,MAX_IP_PKT_LEN,0.4915916706832757
8,14,NUM_PKTS_128_TO_256_BYTES,IN_BYTES,0.4905507251798636
13,15,TCP_FLAGS,DST_TO_SRC_SECOND_BYTES,0.4892279208543172
12,16,SRC_TO_DST_SECOND_BYTES,IN_PKTS,0.4886291216952451
15,16,SERVER_TCP_FLAGS,IN_PKTS,0.4877647705774795
10,14,L7_PROTO,LONGEST_FLOW_PKT,0.4877306442043995
10,14,L7_PROTO,MAX_IP_PKT_LEN,0.4877306442043995
13,15,TCP_WIN_MAX_IN,OUT_PKTS,0.4874715484049132
13,15,TCP_FLAGS,OUT_BYTES,0.4873903407766982
13,15,CLIENT_TCP_FLAGS,DST_TO_SRC_SECOND_BYTES,0.4873573067267206
8,14,NUM_PKTS_128_TO_256_BYTES,LONGEST_FLOW_PKT,0.4866288277770093
8,14,NUM_PKTS_128_TO_256_BYTES,MAX_IP_PKT_LEN,0.4866288277770093
13,14,CLIENT_TCP_FLAGS,SRC_TO_DST_AVG_THROUGHPUT,0.4864388318573397
13,15,CLIENT_TCP_FLAGS,OUT_BYTES,0.48547308460865
11,16,MAX_TTL,IN_PKTS,0.4787002560798069
11,16,MIN_TTL,IN_PKTS,0.4784378367291005
13,15,TCP_FLAGS,DST_TO_SRC_AVG_THROUGHPUT,0.4784038948574562
9,10,FLOW_DURATION_MILLISECONDS,L7_PROTO,0.4764057791688622
11,14,MAX_TTL,IN_BYTES,0.474802340138315
11,14,MIN_TTL,IN_BYTES,0.4745626086932409
14,15,LONGEST_FLOW_PKT,TCP_WIN_MAX_OUT,0.4736150878175688
14,15,MAX_IP_PKT_LEN,TCP_WIN_MAX_OUT,0.4736150878175688
13,14,TCP_FLAGS,SRC_TO_DST_AVG_THROUGHPUT,0.4712261582908918
15,16,OUT_PKTS,IN_PKTS,0.4685168898784296
9,10,DURATION_IN,L7_PROTO,0.4678266203063665
14,15,SRC_TO_DST_AVG_THROUGHPUT,DST_TO_SRC_AVG_THROUGHPUT,0.4666309187565761
12,14,SRC_TO_DST_SECOND_BYTES,SRC_TO_DST_AVG_THROUGHPUT,0.4664123215996146
14,15,IN_BYTES,TCP_WIN_MAX_OUT,0.4651451267680037
15,16,DST_TO_SRC_AVG_THROUGHPUT,NUM_PKTS_UP_TO_128_BYTES,0.4593887634222077
13,14,TCP_WIN_MAX_IN,IN_BYTES,0.4572336360445218
14,15,IN_BYTES,OUT_BYTES,0.4509221891963301
11,12,MIN_TTL,SRC_TO_DST_SECOND_BYTES,0.4505748395047272
11,12,MAX_TTL,SRC_TO_DST_SECOND_BYTES,0.4505728730893143
13,16,CLIENT_TCP_FLAGS,IN_PKTS,0.4487783875907096
14,15,IN_BYTES,DST_TO_SRC_SECOND_BYTES,0.4471828815479821
13,14,TCP_WIN_MAX_IN,SRC_TO_DST_AVG_THROUGHPUT,0.437439598721953
14,15,IN_BYTES,SERVER_TCP_FLAGS,0.4336352633323039
14,15,IN_BYTES,OUT_PKTS,0.4334824546798673
10,14,L7_PROTO,SRC_TO_DST_AVG_THROUGHPUT,0.4292465978635138
13,14,PROTOCOL,IN_BYTES,0.4285348127383224
8,12,NUM_PKTS_128_TO_256_BYTES,SRC_TO_DST_SECOND_BYTES,0.4284472289363999
7,14,SHORTEST_FLOW_PKT,IN_BYTES,0.4281981839189179
15,17,TCP_WIN_MAX_OUT,NUM_PKTS_256_TO_512_BYTES,0.4265135531088981
13,16,TCP_FLAGS,NUM_PKTS_UP_TO_128_BYTES,0.4248988868446802
15,17,OUT_PKTS,NUM_PKTS_256_TO_512_BYTES,0.4247138868135449
17,18,NUM_PKTS_256_TO_512_BYTES,NUM_PKTS_512_TO_1024_BYTES,0.4224793955181363
15,19,OUT_BYTES,NUM_PKTS_1024_TO_1514_BYTES,0.418554664184945
8,14,NUM_PKTS_128_TO_256_BYTES,SRC_TO_DST_AVG_THROUGHPUT,0.4181802446686402
13,16,TCP_FLAGS,IN_PKTS,0.4172739680715764
13,15,CLIENT_TCP_FLAGS,DST_TO_SRC_AVG_THROUGHPUT,0.41721927695779
9,15,DURATION_IN,DST_TO_SRC_AVG_THROUGHPUT,0.4166456815481425
6,7,MIN_IP_PKT_LEN,SHORTEST_FLOW_PKT,0.4154029517373167
15,17,SERVER_TCP_FLAGS,NUM_PKTS_256_TO_512_BYTES,0.4144013934389787
13,15,TCP_WIN_MAX_IN,OUT_BYTES,0.4119669091953403
13,15,TCP_WIN_MAX_IN,DST_TO_SRC_SECOND_BYTES,0.4116095594045925
7,16,SHORTEST_FLOW_PKT,NUM_PKTS_UP_TO_128_BYTES,0.4112876297828002
15,18,TCP_WIN_MAX_OUT,NUM_PKTS_512_TO_1024_BYTES,0.4107595185134566
1,2,RETRANSMITTED_OUT_PKTS,RETRANSMITTED_IN_PKTS,0.4070965318803237
15,19,TCP_WIN_MAX_OUT,NUM_PKTS_1024_TO_1514_BYTES,0.4067983210602242
7,10,SHORTEST_FLOW_PKT,L7_PROTO,0.4064831786509675
6,14,MIN_IP_PKT_LEN,MAX_IP_PKT_LEN,0.4049760454339535
6,14,MIN_IP_PKT_LEN,LONGEST_FLOW_PKT,0.4049760454339534
10,12,L7_PROTO,SRC_TO_DST_SECOND_BYTES,0.4036416973871841
14,15,SRC_TO_DST_AVG_THROUGHPUT,DST_TO_SRC_SECOND_BYTES,0.4029396522082114
14,15,SRC_TO_DST_AVG_THROUGHPUT,OUT_BYTES,0.4027297258212015
15,19,DST_TO_SRC_SECOND_BYTES,NUM_PKTS_1024_TO_1514_BYTES,0.4023398210628084
9,14,FLOW_DURATION_MILLISECONDS,SRC_TO_DST_AVG_THROUGHPUT,0.401708795034903
15,19,OUT_PKTS,NUM_PKTS_1024_TO_1514_BYTES,0.4013597126267203
14,15,IN_BYTES,DST_TO_SRC_AVG_THROUGHPUT,0.4001645585226686
13,14,PROTOCOL,SRC_TO_DST_AVG_THROUGHPUT,0.3972321834450253
1,2,RETRANSMITTED_OUT_PKTS,RETRANSMITTED_IN_BYTES,0.3968504730387754
13,16,CLIENT_TCP_FLAGS,NUM_PKTS_UP_TO_128_BYTES,0.3933536191651618
15,17,OUT_BYTES,NUM_PKTS_256_TO_512_BYTES,0.3928372534074388
15,17,DST_TO_SRC_SECOND_BYTES,NUM_PKTS_256_TO_512_BYTES,0.3903966661727421
14,19,LONGEST_FLOW_PKT,NUM_PKTS_1024_TO_1514_BYTES,0.3899766062741337
14,19,MAX_IP_PKT_LEN,NUM_PKTS_1024_TO_1514_BYTES,0.3899766062741337
1,2,RETRANSMITTED_OUT_BYTES,RETRANSMITTED_IN_BYTES,0.3891750727113754
15,19,SERVER_TCP_FLAGS,NUM_PKTS_1024_TO_1514_BYTES,0.3885008393915359
13,16,TCP_WIN_MAX_IN,IN_PKTS,0.3877279912448204
5,13,DNS_QUERY_TYPE,PROTOCOL,0.3851565625938706
9,15,DURATION_IN,OUT_BYTES,0.3850202089029654
16,17,IN_PKTS,NUM_PKTS_256_TO_512_BYTES,0.3849341055292872
9,15,DURATION_IN,DST_TO_SRC_SECOND_BYTES,0.3827822868817793
15,18,SERVER_TCP_FLAGS,NUM_PKTS_512_TO_1024_BYTES,0.3823029821648391
1,2,RETRANSMITTED_OUT_BYTES,RETRANSMITTED_IN_PKTS,0.3810543711795281
14,16,IN_BYTES,NUM_PKTS_UP_TO_128_BYTES,0.3809576075301952
15,18,OUT_PKTS,NUM_PKTS_512_TO_1024_BYTES,0.3784056391532979
17,19,NUM_PKTS_256_TO_512_BYTES,NUM_PKTS_1024_TO_1514_BYTES,0.378066334915927
11,15,MAX_TTL,TCP_WIN_MAX_OUT,0.3774737085702559
13,15,PROTOCOL,SERVER_TCP_FLAGS,0.3773994501696828
12,14,SRC_TO_DST_SECOND_BYTES,MAX_IP_PKT_LEN,0.377127206103197
12,14,SRC_TO_DST_SECOND_BYTES,LONGEST_FLOW_PKT,0.377127206103197
11,15,MIN_TTL,TCP_WIN_MAX_OUT,0.3767573395293635
15,19,DST_TO_SRC_AVG_THROUGHPUT,NUM_PKTS_1024_TO_1514_BYTES,0.3764721277286273
6,9,MIN_IP_PKT_LEN,DURATION_IN,0.3739198779545851
7,8,SHORTEST_FLOW_PKT,NUM_PKTS_128_TO_256_BYTES,0.3692532881579748
15,16,OUT_BYTES,IN_PKTS,0.3691410156952196
16,19,IN_PKTS,NUM_PKTS_1024_TO_1514_BYTES,0.3664166818740966
13,17,CLIENT_TCP_FLAGS,NUM_PKTS_256_TO_512_BYTES,0.3648196343067564
10,13,L7_PROTO,PROTOCOL,0.3645368841004911
5,13,DNS_QUERY_ID,PROTOCOL,0.3640676277942304
15,18,OUT_BYTES,NUM_PKTS_512_TO_1024_BYTES,0.3627898749047478
16,17,NUM_PKTS_UP_TO_128_BYTES,NUM_PKTS_256_TO_512_BYTES,0.3626295098117689
15,16,DST_TO_SRC_SECOND_BYTES,IN_PKTS,0.3622624867172148
10,11,L7_PROTO,MAX_TTL,0.3613921576351075
10,11,L7_PROTO,MIN_TTL,0.3613223838597716
9,12,FLOW_DURATION_MILLISECONDS,SRC_TO_DST_SECOND_BYTES,0.3609499915158838
14,15,SRC_TO_DST_AVG_THROUGHPUT,OUT_PKTS,0.3602039178264513
6,15,MIN_IP_PKT_LEN,SERVER_TCP_FLAGS,0.3599868350791291
14,16,LONGEST_FLOW_PKT,IN_PKTS,0.3583070699145829
14,16,MAX_IP_PKT_LEN,IN_PKTS,0.3583070699145829
13,17,TCP_FLAGS,NUM_PKTS_256_TO_512_BYTES,0.3562641842726118
14,17,MAX_IP_PKT_LEN,NUM_PKTS_256_TO_512_BYTES,0.3560399365208353
14,17,LONGEST_FLOW_PKT,NUM_PKTS_256_TO_512_BYTES,0.3560399365208353
15,18,DST_TO_SRC_SECOND_BYTES,NUM_PKTS_512_TO_1024_BYTES,0.3546818252527633
10,15,L7_PROTO,DST_TO_SRC_AVG_THROUGHPUT,0.3524899460695672
13,19,CLIENT_TCP_FLAGS,NUM_PKTS_1024_TO_1514_BYTES,0.3509326187392428
9,15,DURATION_IN,OUT_PKTS,0.3506934786848744
5,15,DNS_QUERY_TYPE,DST_TO_SRC_AVG_THROUGHPUT,0.349849127610257
16,18,IN_PKTS,NUM_PKTS_512_TO_1024_BYTES,0.3491428436320267
5,7,DNS_QUERY_TYPE,SHORTEST_FLOW_PKT,0.3488692505480414
14,15,SRC_TO_DST_AVG_THROUGHPUT,SERVER_TCP_FLAGS,0.3487711454936265
18,19,NUM_PKTS_512_TO_1024_BYTES,NUM_PKTS_1024_TO_1514_BYTES,0.3483747007826533
14,17,IN_BYTES,NUM_PKTS_256_TO_512_BYTES,0.3457410002771501
13,18,CLIENT_TCP_FLAGS,NUM_PKTS_512_TO_1024_BYTES,0.3454339387254992
6,10,MIN_IP_PKT_LEN,L7_PROTO,0.3446931270253487
6,14,MIN_IP_PKT_LEN,SRC_TO_DST_AVG_THROUGHPUT,0.3429201347954609
10,13,L7_PROTO,TCP_FLAGS,0.341345663429323
16,19,NUM_PKTS_UP_TO_128_BYTES,NUM_PKTS_1024_TO_1514_BYTES,0.3395728759160004
13,15,TCP_WIN_MAX_IN,DST_TO_SRC_AVG_THROUGHPUT,0.3384618413572198
13,18,TCP_FLAGS,NUM_PKTS_512_TO_1024_BYTES,0.3377047052175831
6,15,MIN_IP_PKT_LEN,TCP_WIN_MAX_OUT,0.3376047551278259
13,19,TCP_FLAGS,NUM_PKTS_1024_TO_1514_BYTES,0.3363562447117275
5,13,DNS_TTL_ANSWER,PROTOCOL,0.3343592223593329
11,14,MAX_TTL,LONGEST_FLOW_PKT,0.3338318637803399
11,14,MAX_TTL,MAX_IP_PKT_LEN,0.3338318637803399
11,14,MIN_TTL,MAX_IP_PKT_LEN,0.3338185468699459
11,14,MIN_TTL,LONGEST_FLOW_PKT,0.3338185468699459
14,19,IN_BYTES,NUM_PKTS_1024_TO_1514_BYTES,0.3322775455442156
16,18,NUM_PKTS_UP_TO_128_BYTES,NUM_PKTS_512_TO_1024_BYTES,0.3312918305246002
9,15,FLOW_DURATION_MILLISECONDS,DST_TO_SRC_AVG_THROUGHPUT,0.3300994685522585
7,13,SHORTEST_FLOW_PKT,PROTOCOL,0.3277763118591824
13,17,TCP_WIN_MAX_IN,NUM_PKTS_256_TO_512_BYTES,0.3275469646498056
6,12,MIN_IP_PKT_LEN,SRC_TO_DST_SECOND_BYTES,0.326327644595742
9,11,DURATION_IN,MIN_TTL,0.3259676344464747
9,11,DURATION_IN,MAX_TTL,0.3258382490671572
8,13,NUM_PKTS_128_TO_256_BYTES,PROTOCOL,0.3258364084968757
13,16,TCP_WIN_MAX_IN,NUM_PKTS_UP_TO_128_BYTES,0.3239463000179975
6,16,MIN_IP_PKT_LEN,NUM_PKTS_UP_TO_128_BYTES,0.3237992523914214
14,18,LONGEST_FLOW_PKT,NUM_PKTS_512_TO_1024_BYTES,0.3228944514672081
14,18,MAX_IP_PKT_LEN,NUM_PKTS_512_TO_1024_BYTES,0.3228944514672081
10,15,L7_PROTO,DST_TO_SRC_SECOND_BYTES,0.3207156457853107
10,13,L7_PROTO,CLIENT_TCP_FLAGS,0.3205550786189032
10,15,L7_PROTO,OUT_BYTES,0.3199736292513409
9,11,FLOW_DURATION_MILLISECONDS,MIN_TTL,0.3190188689083184
9,11,FLOW_DURATION_MILLISECONDS,MAX_TTL,0.3189263962639157
15,17,DST_TO_SRC_AVG_THROUGHPUT,NUM_PKTS_256_TO_512_BYTES,0.317693397347202
6,14,MIN_IP_PKT_LEN,IN_BYTES,0.3166990454831002
14,18,IN_BYTES,NUM_PKTS_512_TO_1024_BYTES,0.316021755250072
5,15,DNS_TTL_ANSWER,DST_TO_SRC_AVG_THROUGHPUT,0.3149888381615461
15,20,TCP_WIN_MAX_OUT,DURATION_OUT,0.3143829021320183
5,15,DNS_QUERY_TYPE,DST_TO_SRC_SECOND_BYTES,0.3137912937295365
5,15,DNS_QUERY_TYPE,OUT_BYTES,0.3122230769290766
14,15,SRC_TO_DST_AVG_THROUGHPUT,TCP_WIN_MAX_OUT,0.3119141165462764
7,12,SHORTEST_FLOW_PKT,SRC_TO_DST_SECOND_BYTES,0.3118795784760818
5,15,DNS_QUERY_ID,DST_TO_SRC_AVG_THROUGHPUT,0.3113250257757666
9,20,FLOW_DURATION_MILLISECONDS,DURATION_OUT,0.3096234020547037
5,13,DNS_QUERY_TYPE,CLIENT_TCP_FLAGS,0.3086681378097783
8,13,NUM_PKTS_128_TO_256_BYTES,CLIENT_TCP_FLAGS,0.3085134933606315
5,7,DNS_QUERY_ID,SHORTEST_FLOW_PKT,0.3076031678471158
13,19,TCP_WIN_MAX_IN,NUM_PKTS_1024_TO_1514_BYTES,0.3072136717126132
15,18,DST_TO_SRC_AVG_THROUGHPUT,NUM_PKTS_512_TO_1024_BYTES,0.3057738605216132
13,18,TCP_WIN_MAX_IN,NUM_PKTS_512_TO_1024_BYTES,0.3034120343996268
11,15,MAX_TTL,SERVER_TCP_FLAGS,0.3027922141839001
11,15,MIN_TTL,SERVER_TCP_FLAGS,0.3024006529665784
5,13,DNS_QUERY_TYPE,TCP_FLAGS,0.3022632783067882
13,15,PROTOCOL,TCP_WIN_MAX_OUT,0.3021975608772277
8,13,NUM_PKTS_128_TO_256_BYTES,TCP_FLAGS,0.3016065957159529
7,13,SHORTEST_FLOW_PKT,TCP_FLAGS,0.2975590816928702
5,12,DNS_QUERY_TYPE,SRC_TO_DST_SECOND_BYTES,0.2974027886408014
13,20,TCP_WIN_MAX_IN,DURATION_OUT,0.2963499932000631
5,13,DNS_QUERY_ID,CLIENT_TCP_FLAGS,0.295233988205163
10,15,L7_PROTO,OUT_PKTS,0.2933472985884265
7,13,SHORTEST_FLOW_PKT,CLIENT_TCP_FLAGS,0.2900804680154
14,19,SRC_TO_DST_AVG_THROUGHPUT,NUM_PKTS_1024_TO_1514_BYTES,0.2900292049377181
12,15,SRC_TO_DST_SECOND_BYTES,DST_TO_SRC_SECOND_BYTES,0.2894404683529096
5,13,DNS_QUERY_ID,TCP_FLAGS,0.2894007918353032
5,10,DNS_QUERY_TYPE,L7_PROTO,0.2892658358684344
11,14,MAX_TTL,SRC_TO_DST_AVG_THROUGHPUT,0.288857851630058
11,14,MIN_TTL,SRC_TO_DST_AVG_THROUGHPUT,0.2885751466195767
11,16,MAX_TTL,NUM_PKTS_UP_TO_128_BYTES,0.2873974265758501
11,16,MIN_TTL,NUM_PKTS_UP_TO_128_BYTES,0.2871855745448774
15,20,OUT_PKTS,DURATION_OUT,0.2865196873662765
10,13,L7_PROTO,TCP_WIN_MAX_IN,0.2860991959913979
12,15,SRC_TO_DST_SECOND_BYTES,OUT_BYTES,0.2857579087264731
12,15,SRC_TO_DST_SECOND_BYTES,DST_TO_SRC_AVG_THROUGHPUT,0.2851585249319137
1,15,RETRANSMITTED_OUT_BYTES,OUT_PKTS,0.2848754551127392
15,20,SERVER_TCP_FLAGS,DURATION_OUT,0.2823990402037475
1,15,RETRANSMITTED_OUT_PKTS,OUT_PKTS,0.2820529788741117
12,16,SRC_TO_DST_SECOND_BYTES,NUM_PKTS_UP_TO_128_BYTES,0.2819244402003571
11,13,MAX_TTL,CLIENT_TCP_FLAGS,0.2808442033390667
11,13,MIN_TTL,CLIENT_TCP_FLAGS,0.2804076587693176
5,15,DNS_QUERY_ID,DST_TO_SRC_SECOND_BYTES,0.2793614790119467
5,15,DNS_QUERY_ID,OUT_BYTES,0.2779364182926863
11,13,MAX_TTL,TCP_WIN_MAX_IN,0.2776177297165766
7,13,SHORTEST_FLOW_PKT,TCP_WIN_MAX_IN,0.2771402291279741
11,13,MIN_TTL,TCP_WIN_MAX_IN,0.2769844799504831
5,10,DNS_QUERY_ID,L7_PROTO,0.2769494191323339
5,7,DNS_TTL_ANSWER,SHORTEST_FLOW_PKT,0.2764705872760876
5,15,DNS_TTL_ANSWER,DST_TO_SRC_SECOND_BYTES,0.2751875341055288
5,15,DNS_TTL_ANSWER,OUT_BYTES,0.2744340873091822
14,16,LONGEST_FLOW_PKT,NUM_PKTS_UP_TO_128_BYTES,0.2740853645706979
14,16,MAX_IP_PKT_LEN,NUM_PKTS_UP_TO_128_BYTES,0.2740853645706979
14,16,SRC_TO_DST_AVG_THROUGHPUT,IN_PKTS,0.2735314815085411
9,14,DURATION_IN,SRC_TO_DST_AVG_THROUGHPUT,0.2731752281635752
15,16,DST_TO_SRC_AVG_THROUGHPUT,IN_PKTS,0.2727981927463436
5,13,DNS_TTL_ANSWER,CLIENT_TCP_FLAGS,0.2712019340151071
6,9,MIN_IP_PKT_LEN,FLOW_DURATION_MILLISECONDS,0.2708344315880562
6,13,MIN_IP_PKT_LEN,TCP_FLAGS,0.2704659162028827
15,20,DST_TO_SRC_SECOND_BYTES,DURATION_OUT,0.269573990554125
5,12,DNS_QUERY_ID,SRC_TO_DST_SECOND_BYTES,0.2689314204164564
11,13,MAX_TTL,TCP_FLAGS,0.2685931483267653
11,13,MIN_TTL,TCP_FLAGS,0.2683012978213426
8,11,NUM_PKTS_128_TO_256_BYTES,MIN_TTL,0.2680395677116838
8,11,NUM_PKTS_128_TO_256_BYTES,MAX_TTL,0.2679988102929259
1,19,RETRANSMITTED_OUT_BYTES,NUM_PKTS_1024_TO_1514_BYTES,0.2679813304874939
9,14,FLOW_DURATION_MILLISECONDS,MAX_IP_PKT_LEN,0.2679602275482821
9,14,FLOW_DURATION_MILLISECONDS,LONGEST_FLOW_PKT,0.2679602275482821
5,16,DNS_QUERY_TYPE,IN_PKTS,0.2673053291473557
9,16,DURATION_IN,NUM_PKTS_UP_TO_128_BYTES,0.2668292848261564
9,15,DURATION_IN,SERVER_TCP_FLAGS,0.2660481691112376
5,13,DNS_TTL_ANSWER,TCP_FLAGS,0.2658477702392266
5,13,DNS_QUERY_TYPE,TCP_WIN_MAX_IN,0.2655986600244306
1,19,RETRANSMITTED_OUT_PKTS,NUM_PKTS_1024_TO_1514_BYTES,0.2638023850514057
12,13,SRC_TO_DST_SECOND_BYTES,CLIENT_TCP_FLAGS,0.2632389912205443
9,13,DURATION_IN,TCP_WIN_MAX_IN,0.2623928414192492
13,20,CLIENT_TCP_FLAGS,DURATION_OUT,0.2610166461269825
5,16,DNS_QUERY_ID,IN_PKTS,0.2605861821195587
9,15,FLOW_DURATION_MILLISECONDS,OUT_BYTES,0.25879050173325
5,13,DNS_QUERY_ID,TCP_WIN_MAX_IN,0.2583596384023851
2,16,RETRANSMITTED_IN_BYTES,IN_PKTS,0.2574633548619542
9,15,FLOW_DURATION_MILLISECONDS,DST_TO_SRC_SECOND_BYTES,0.2564383748594177
2,14,RETRANSMITTED_IN_BYTES,IN_BYTES,0.2560574922320226
2,16,RETRANSMITTED_IN_PKTS,IN_PKTS,0.2549663505933233
1,4,RETRANSMITTED_OUT_PKTS,FTP_COMMAND_RET_CODE,0.2548568242466076
12,15,SRC_TO_DST_SECOND_BYTES,OUT_PKTS,0.2543248557614522
10,14,L7_PROTO,IN_BYTES,0.2536005318608806
9,14,DURATION_IN,MAX_IP_PKT_LEN,0.2532591687497434
9,14,DURATION_IN,LONGEST_FLOW_PKT,0.2532591687497434
3,14,ICMP_IPV4_TYPE,IN_BYTES,0.2517352744216808
3,14,ICMP_TYPE,IN_BYTES,0.2517352705365655
15,20,OUT_BYTES,DURATION_OUT,0.2507599587904334
5,9,DNS_QUERY_TYPE,FLOW_DURATION_MILLISECONDS,0.2498202916693454
5,11,DNS_QUERY_TYPE,MAX_TTL,0.2489642183711518
5,11,DNS_QUERY_TYPE,MIN_TTL,0.2486518284068685
2,14,RETRANSMITTED_IN_PKTS,IN_BYTES,0.2484872667865687
13,20,TCP_FLAGS,DURATION_OUT,0.248256393122398
5,10,DNS_TTL_ANSWER,L7_PROTO,0.2460418783910855
1,16,RETRANSMITTED_OUT_BYTES,IN_PKTS,0.2454855832444022
5,9,DNS_QUERY_TYPE,DURATION_IN,0.2445759722347452
1,15,RETRANSMITTED_OUT_PKTS,TCP_WIN_MAX_OUT,0.2445529722799597
5,12,DNS_TTL_ANSWER,SRC_TO_DST_SECOND_BYTES,0.2433692787526524
16,20,NUM_PKTS_UP_TO_128_BYTES,DURATION_OUT,0.2430276921850745
6,13,MIN_IP_PKT_LEN,CLIENT_TCP_FLAGS,0.2427974793082035
11,18,MAX_TTL,NUM_PKTS_512_TO_1024_BYTES,0.2425827968250392
11,18,MIN_TTL,NUM_PKTS_512_TO_1024_BYTES,0.2421984002272321
1,16,RETRANSMITTED_OUT_PKTS,IN_PKTS,0.2420489974857684
1,15,RETRANSMITTED_OUT_BYTES,TCP_WIN_MAX_OUT,0.2418060797321952
1,15,RETRANSMITTED_OUT_BYTES,OUT_BYTES,0.2413406773819256
5,9,DNS_QUERY_ID,FLOW_DURATION_MILLISECONDS,0.2407532430205661
8,16,NUM_PKTS_128_TO_256_BYTES,IN_PKTS,0.2403977537974705
1,15,RETRANSMITTED_OUT_BYTES,DST_TO_SRC_SECOND_BYTES,0.2395421051545715
5,16,DNS_TTL_ANSWER,IN_PKTS,0.2391400104222537
8,16,NUM_PKTS_128_TO_256_BYTES,NUM_PKTS_UP_TO_128_BYTES,0.2390499757314895
12,13,SRC_TO_DST_SECOND_BYTES,TCP_WIN_MAX_IN,0.2386481995789975
17,20,NUM_PKTS_256_TO_512_BYTES,DURATION_OUT,0.2380925362597299
5,13,DNS_TTL_ANSWER,TCP_WIN_MAX_IN,0.2377173675520646
1,17,RETRANSMITTED_OUT_BYTES,NUM_PKTS_256_TO_512_BYTES,0.2365493095565866
5,9,DNS_QUERY_ID,DURATION_IN,0.236048270857145
1,16,RETRANSMITTED_OUT_BYTES,NUM_PKTS_UP_TO_128_BYTES,0.2337134023511951
1,15,RETRANSMITTED_OUT_PKTS,OUT_BYTES,0.2333692454450605
1,15,RETRANSMITTED_OUT_PKTS,DST_TO_SRC_SECOND_BYTES,0.2333429881735443
5,11,DNS_QUERY_ID,MAX_TTL,0.2332397555171387
1,16,RETRANSMITTED_OUT_PKTS,NUM_PKTS_UP_TO_128_BYTES,0.2330241594213352
5,11,DNS_QUERY_ID,MIN_TTL,0.2329121514103136
1,15,RETRANSMITTED_OUT_PKTS,SERVER_TCP_FLAGS,0.2286703890389339
1,15,RETRANSMITTED_OUT_BYTES,SERVER_TCP_FLAGS,0.228463036312809
12,13,SRC_TO_DST_SECOND_BYTES,TCP_FLAGS,0.2283547522811363
1,17,RETRANSMITTED_OUT_PKTS,NUM_PKTS_256_TO_512_BYTES,0.2267586196425953
11,15,MAX_TTL,DST_TO_SRC_SECOND_BYTES,0.2266576880471045
11,15,MIN_TTL,DST_TO_SRC_SECOND_BYTES,0.2263677259926857
16,20,IN_PKTS,DURATION_OUT,0.2260253743414291
3,12,ICMP_TYPE,SRC_TO_DST_SECOND_BYTES,0.2225596930732374
3,12,ICMP_IPV4_TYPE,SRC_TO_DST_SECOND_BYTES,0.2225596850692359
6,13,MIN_IP_PKT_LEN,TCP_WIN_MAX_IN,0.2223371187777365
5,9,DNS_TTL_ANSWER,FLOW_DURATION_MILLISECONDS,0.2221129513011099
9,15,FLOW_DURATION_MILLISECONDS,OUT_PKTS,0.2216484283429273
1,3,RETRANSMITTED_OUT_PKTS,ICMP_IPV4_TYPE,0.221570881939801
1,3,RETRANSMITTED_OUT_PKTS,ICMP_TYPE,0.2215708416942539
11,17,MAX_TTL,NUM_PKTS_256_TO_512_BYTES,0.2200429828439516
14,17,SRC_TO_DST_AVG_THROUGHPUT,NUM_PKTS_256_TO_512_BYTES,0.2200045222092485
11,17,MIN_TTL,NUM_PKTS_256_TO_512_BYTES,0.2197005084447174
1,3,RETRANSMITTED_OUT_BYTES,ICMP_IPV4_TYPE,0.2196930661393699
1,3,RETRANSMITTED_OUT_BYTES,ICMP_TYPE,0.2196930254762259
10,15,L7_PROTO,SERVER_TCP_FLAGS,0.2191048784889211
11,15,MAX_TTL,OUT_BYTES,0.2184760210899926
9,13,DURATION_IN,TCP_FLAGS,0.2182176635197965
11,15,MIN_TTL,OUT_BYTES,0.2181832760402468
9,15,DURATION_IN,TCP_WIN_MAX_OUT,0.2176096876832741
3,8,ICMP_IPV4_TYPE,NUM_PKTS_128_TO_256_BYTES,0.217414987915328
3,8,ICMP_TYPE,NUM_PKTS_128_TO_256_BYTES,0.2174149762159256
5,9,DNS_TTL_ANSWER,DURATION_IN,0.2173017612795045
11,15,MAX_TTL,OUT_PKTS,0.2170389771365977
11,15,MIN_TTL,OUT_PKTS,0.2167354434939847
12,13,SRC_TO_DST_SECOND_BYTES,PROTOCOL,0.2163045645429262
11,15,MAX_TTL,DST_TO_SRC_AVG_THROUGHPUT,0.2152229017532044
11,15,MIN_TTL,DST_TO_SRC_AVG_THROUGHPUT,0.2149280507092459
7,9,SHORTEST_FLOW_PKT,FLOW_DURATION_MILLISECONDS,0.2134184268431048
3,14,ICMP_IPV4_TYPE,LONGEST_FLOW_PKT,0.2131383028668641
3,14,ICMP_IPV4_TYPE,MAX_IP_PKT_LEN,0.2131383028668641
3,14,ICMP_TYPE,LONGEST_FLOW_PKT,0.2131382995695844
3,14,ICMP_TYPE,MAX_IP_PKT_LEN,0.2131382995695844
1,4,RETRANSMITTED_OUT_BYTES,FTP_COMMAND_RET_CODE,0.2117010796251463
14,18,SRC_TO_DST_AVG_THROUGHPUT,NUM_PKTS_512_TO_1024_BYTES,0.2057341723835066
1,13,RETRANSMITTED_OUT_PKTS,TCP_WIN_MAX_IN,0.2054446894440653
2,12,RETRANSMITTED_IN_BYTES,SRC_TO_DST_SECOND_BYTES,0.2051724072906803
5,11,DNS_TTL_ANSWER,MAX_TTL,0.2047746132121292
5,11,DNS_TTL_ANSWER,MIN_TTL,0.204409544155644
2,14,RETRANSMITTED_IN_BYTES,MAX_IP_PKT_LEN,0.2039015727227792
2,14,RETRANSMITTED_IN_BYTES,LONGEST_FLOW_PKT,0.2039015727227792
7,11,SHORTEST_FLOW_PKT,MAX_TTL,0.2033194448907526
2,14,RETRANSMITTED_IN_PKTS,MAX_IP_PKT_LEN,0.2033054073898954
2,14,RETRANSMITTED_IN_PKTS,LONGEST_FLOW_PKT,0.2033054073898954
7,11,SHORTEST_FLOW_PKT,MIN_TTL,0.2031243938709846
9,14,DURATION_IN,IN_BYTES,0.2030554076876057
1,13,RETRANSMITTED_OUT_BYTES,TCP_WIN_MAX_IN,0.2030280907480918
5,14,DNS_QUERY_TYPE,IN_BYTES,0.2029880295823448
13,15,PROTOCOL,OUT_PKTS,0.2020499653509409
7,15,SHORTEST_FLOW_PKT,SERVER_TCP_FLAGS,0.2010801370741454
2,12,RETRANSMITTED_IN_PKTS,SRC_TO_DST_SECOND_BYTES,0.2005638966458862
14,16,SRC_TO_DST_AVG_THROUGHPUT,NUM_PKTS_UP_TO_128_BYTES,0.2000834975017153
1,14,RETRANSMITTED_OUT_BYTES,IN_BYTES,0.1992509677726485
1,13,RETRANSMITTED_OUT_PKTS,CLIENT_TCP_FLAGS,0.1985834234061972
2,13,RETRANSMITTED_IN_BYTES,CLIENT_TCP_FLAGS,0.1978447380568946
1,13,RETRANSMITTED_OUT_BYTES,CLIENT_TCP_FLAGS,0.1975351345790184
8,9,NUM_PKTS_128_TO_256_BYTES,DURATION_IN,0.1972012478266055
8,10,NUM_PKTS_128_TO_256_BYTES,L7_PROTO,0.1964821989561425
1,13,RETRANSMITTED_OUT_PKTS,TCP_FLAGS,0.1960408708281923
1,14,RETRANSMITTED_OUT_PKTS,IN_BYTES,0.1960123869962683
1,13,RETRANSMITTED_OUT_BYTES,TCP_FLAGS,0.1959893819531565
2,13,RETRANSMITTED_IN_PKTS,CLIENT_TCP_FLAGS,0.1956809216234897
1,15,RETRANSMITTED_OUT_BYTES,DST_TO_SRC_AVG_THROUGHPUT,0.1950203754001675
10,16,L7_PROTO,IN_PKTS,0.1948596793365345
9,13,DURATION_IN,CLIENT_TCP_FLAGS,0.1942372033625906
1,15,RETRANSMITTED_OUT_PKTS,DST_TO_SRC_AVG_THROUGHPUT,0.1940453597775317
9,13,FLOW_DURATION_MILLISECONDS,TCP_WIN_MAX_IN,0.1936817474548525
11,19,MAX_TTL,NUM_PKTS_1024_TO_1514_BYTES,0.1935493889563484
11,19,MIN_TTL,NUM_PKTS_1024_TO_1514_BYTES,0.1932817086128518
3,16,ICMP_IPV4_TYPE,IN_PKTS,0.1923588020951478
3,16,ICMP_TYPE,IN_PKTS,0.1923587849854955
12,15,SRC_TO_DST_SECOND_BYTES,SERVER_TCP_FLAGS,0.1901800159718391
13,16,PROTOCOL,NUM_PKTS_UP_TO_128_BYTES,0.1899752073128258
5,14,DNS_QUERY_TYPE,MAX_IP_PKT_LEN,0.1897115230727024
5,14,DNS_QUERY_TYPE,LONGEST_FLOW_PKT,0.1897115230727024
18,20,NUM_PKTS_512_TO_1024_BYTES,DURATION_OUT,0.1881484333412222
3,13,ICMP_TYPE,PROTOCOL,0.187160492041265
3,13,ICMP_IPV4_TYPE,PROTOCOL,0.1871604790969766
2,19,RETRANSMITTED_IN_PKTS,NUM_PKTS_1024_TO_1514_BYTES,0.1869645276135902
3,14,ICMP_TYPE,SRC_TO_DST_AVG_THROUGHPUT,0.1861464079299252
3,14,ICMP_IPV4_TYPE,SRC_TO_DST_AVG_THROUGHPUT,0.1861464004765861
3,13,ICMP_IPV4_TYPE,CLIENT_TCP_FLAGS,0.1861241425010993
3,13,ICMP_TYPE,CLIENT_TCP_FLAGS,0.1861241016944569
2,14,RETRANSMITTED_IN_PKTS,SRC_TO_DST_AVG_THROUGHPUT,0.1848532442745408
13,16,PROTOCOL,IN_PKTS,0.1847761556987753
2,19,RETRANSMITTED_IN_BYTES,NUM_PKTS_1024_TO_1514_BYTES,0.184704989249315
9,16,FLOW_DURATION_MILLISECONDS,IN_PKTS,0.1834720890123279
14,20,IN_BYTES,DURATION_OUT,0.1833077471268236
2,14,RETRANSMITTED_IN_BYTES,SRC_TO_DST_AVG_THROUGHPUT,0.1832782333506283
6,17,MIN_IP_PKT_LEN,NUM_PKTS_256_TO_512_BYTES,0.1829778096760159
2,13,RETRANSMITTED_IN_BYTES,TCP_FLAGS,0.1820393258483204
2,17,RETRANSMITTED_IN_BYTES,NUM_PKTS_256_TO_512_BYTES,0.1808323486567934
2,13,RETRANSMITTED_IN_PKTS,TCP_FLAGS,0.1801357336302817
14,20,MAX_IP_PKT_LEN,DURATION_OUT,0.1799990008141546
14,20,LONGEST_FLOW_PKT,DURATION_OUT,0.1799990008141546
1,6,RETRANSMITTED_OUT_PKTS,MIN_IP_PKT_LEN,0.1792850380853392
6,20,MIN_IP_PKT_LEN,DURATION_OUT,0.178461189379652
13,17,PROTOCOL,NUM_PKTS_256_TO_512_BYTES,0.1779511393571204
3,7,ICMP_TYPE,SHORTEST_FLOW_PKT,0.1777950772879855
3,7,ICMP_IPV4_TYPE,SHORTEST_FLOW_PKT,0.177795060569499
2,15,RETRANSMITTED_IN_BYTES,OUT_PKTS,0.1772579685789088
7,15,SHORTEST_FLOW_PKT,DST_TO_SRC_SECOND_BYTES,0.1760852900724598
1,6,RETRANSMITTED_OUT_BYTES,MIN_IP_PKT_LEN,0.175731744813928
2,15,RETRANSMITTED_IN_PKTS,OUT_PKTS,0.1753828804266288
13,15,PROTOCOL,DST_TO_SRC_SECOND_BYTES,0.1753628900396286
9,13,FLOW_DURATION_MILLISECONDS,TCP_FLAGS,0.1739984819514755
3,13,ICMP_IPV4_TYPE,TCP_FLAGS,0.1737235861050318
3,13,ICMP_TYPE,TCP_FLAGS,0.1737235460208178
5,15,DNS_QUERY_TYPE,SERVER_TCP_FLAGS,0.1734777731227842
6,19,MIN_IP_PKT_LEN,NUM_PKTS_1024_TO_1514_BYTES,0.1733705866894953
7,15,SHORTEST_FLOW_PKT,OUT_BYTES,0.1731906871829392
1,14,RETRANSMITTED_OUT_BYTES,LONGEST_FLOW_PKT,0.1730149168120377
1,14,RETRANSMITTED_OUT_BYTES,MAX_IP_PKT_LEN,0.1730149168120377
8,13,NUM_PKTS_128_TO_256_BYTES,TCP_WIN_MAX_IN,0.1722745777856741
13,15,PROTOCOL,OUT_BYTES,0.1722269875730846
5,14,DNS_QUERY_ID,IN_BYTES,0.171967474603892
13,18,PROTOCOL,NUM_PKTS_512_TO_1024_BYTES,0.1718711195183857
5,14,DNS_QUERY_TYPE,SRC_TO_DST_AVG_THROUGHPUT,0.1715320564547739
13,19,PROTOCOL,NUM_PKTS_1024_TO_1514_BYTES,0.1709987419466809
2,4,RETRANSMITTED_IN_PKTS,FTP_COMMAND_RET_CODE,0.1703559421398859
1,14,RETRANSMITTED_OUT_PKTS,LONGEST_FLOW_PKT,0.1698694072130576
1,14,RETRANSMITTED_OUT_PKTS,MAX_IP_PKT_LEN,0.1698694072130576
6,18,MIN_IP_PKT_LEN,NUM_PKTS_512_TO_1024_BYTES,0.1686698553424369
9,16,DURATION_IN,IN_PKTS,0.1680490969478567
5,15,DNS_QUERY_ID,SERVER_TCP_FLAGS,0.1675074842017699
2,13,RETRANSMITTED_IN_BYTES,PROTOCOL,0.1667839531780653
2,13,RETRANSMITTED_IN_BYTES,TCP_WIN_MAX_IN,0.1663162489966612
7,16,SHORTEST_FLOW_PKT,IN_PKTS,0.1658718731030157
2,13,RETRANSMITTED_IN_PKTS,TCP_WIN_MAX_IN,0.1657596356292914
2,13,RETRANSMITTED_IN_PKTS,PROTOCOL,0.1647483575261485
2,15,RETRANSMITTED_IN_BYTES,TCP_WIN_MAX_OUT,0.1645501368215129
7,15,SHORTEST_FLOW_PKT,DST_TO_SRC_AVG_THROUGHPUT,0.1634929750521911
7,15,SHORTEST_FLOW_PKT,TCP_WIN_MAX_OUT,0.1634726537712074
2,7,RETRANSMITTED_IN_BYTES,SHORTEST_FLOW_PKT,0.1621174777881988
13,15,PROTOCOL,DST_TO_SRC_AVG_THROUGHPUT,0.161588151389717
2,15,RETRANSMITTED_IN_PKTS,TCP_WIN_MAX_OUT,0.1606142834844559
2,7,RETRANSMITTED_IN_PKTS,SHORTEST_FLOW_PKT,0.1599226768045981
2,17,RETRANSMITTED_IN_PKTS,NUM_PKTS_256_TO_512_BYTES,0.1594495874440747
1,14,RETRANSMITTED_OUT_PKTS,SRC_TO_DST_AVG_THROUGHPUT,0.159434878136928
5,14,DNS_TTL_ANSWER,MAX_IP_PKT_LEN,0.1584374434322665
5,14,DNS_TTL_ANSWER,LONGEST_FLOW_PKT,0.1584374434322665
1,14,RETRANSMITTED_OUT_BYTES,SRC_TO_DST_AVG_THROUGHPUT,0.1584210051313037
9,19,DURATION_IN,NUM_PKTS_1024_TO_1514_BYTES,0.1571135890906438
2,8,RETRANSMITTED_IN_PKTS,NUM_PKTS_128_TO_256_BYTES,0.1569298755957778
2,8,RETRANSMITTED_IN_BYTES,NUM_PKTS_128_TO_256_BYTES,0.1562560369540149
9,14,FLOW_DURATION_MILLISECONDS,IN_BYTES,0.1561015544028887
1,18,RETRANSMITTED_OUT_BYTES,NUM_PKTS_512_TO_1024_BYTES,0.1559660690286372
2,18,RETRANSMITTED_IN_BYTES,NUM_PKTS_512_TO_1024_BYTES,0.1553169256917982
9,13,FLOW_DURATION_MILLISECONDS,CLIENT_TCP_FLAGS,0.1548737563305518
5,14,DNS_QUERY_ID,LONGEST_FLOW_PKT,0.1547800122883479
5,14,DNS_QUERY_ID,MAX_IP_PKT_LEN,0.1547800122883479
8,19,NUM_PKTS_128_TO_256_BYTES,NUM_PKTS_1024_TO_1514_BYTES,0.1543316992023636
5,15,DNS_TTL_ANSWER,SERVER_TCP_FLAGS,0.1541968728319386
12,15,SRC_TO_DST_SECOND_BYTES,TCP_WIN_MAX_OUT,0.1523856302371704
5,14,DNS_TTL_ANSWER,IN_BYTES,0.1504257825224474
9,17,DURATION_IN,NUM_PKTS_256_TO_512_BYTES,0.1500530329571895
2,4,RETRANSMITTED_IN_BYTES,FTP_COMMAND_RET_CODE,0.1484480585162995
9,15,FLOW_DURATION_MILLISECONDS,SERVER_TCP_FLAGS,0.1464667379668511
5,15,DNS_QUERY_TYPE,OUT_PKTS,0.1447060595434748
5,14,DNS_QUERY_ID,SRC_TO_DST_AVG_THROUGHPUT,0.144362066614941
13,20,PROTOCOL,DURATION_OUT,0.1413214813650423
5,15,DNS_QUERY_TYPE,TCP_WIN_MAX_OUT,0.1411468054527616
2,15,RETRANSMITTED_IN_BYTES,SERVER_TCP_FLAGS,0.1408577406144694
9,18,DURATION_IN,NUM_PKTS_512_TO_1024_BYTES,0.1400793970300455
10,15,L7_PROTO,TCP_WIN_MAX_OUT,0.1398810466635527
5,15,DNS_QUERY_ID,OUT_PKTS,0.1394402189056605
2,15,RETRANSMITTED_IN_PKTS,SERVER_TCP_FLAGS,0.1393009844076845
5,15,DNS_TTL_ANSWER,OUT_PKTS,0.1391269325977954
2,18,RETRANSMITTED_IN_PKTS,NUM_PKTS_512_TO_1024_BYTES,0.1385402083297425
8,15,NUM_PKTS_128_TO_256_BYTES,TCP_WIN_MAX_OUT,0.1375538066807737
3,13,ICMP_IPV4_TYPE,TCP_WIN_MAX_IN,0.1368550059952328
3,13,ICMP_TYPE,TCP_WIN_MAX_IN,0.1368549769582823
5,15,DNS_QUERY_ID,TCP_WIN_MAX_OUT,0.1367685262676194
10,16,L7_PROTO,NUM_PKTS_UP_TO_128_BYTES,0.1348541699827602
1,18,RETRANSMITTED_OUT_PKTS,NUM_PKTS_512_TO_1024_BYTES,0.1348025712951154
10,19,L7_PROTO,NUM_PKTS_1024_TO_1514_BYTES,0.132945877098032
6,11,MIN_IP_PKT_LEN,MIN_TTL,0.1313340786689643
6,11,MIN_IP_PKT_LEN,MAX_TTL,0.1313297179911081
8,15,NUM_PKTS_128_TO_256_BYTES,SERVER_TCP_FLAGS,0.1300294676737577
5,14,DNS_TTL_ANSWER,SRC_TO_DST_AVG_THROUGHPUT,0.1269781691890068
5,15,DNS_TTL_ANSWER,TCP_WIN_MAX_OUT,0.1259242987181699
3,4,ICMP_IPV4_TYPE,FTP_COMMAND_RET_CODE,0.1238254764137185
3,4,ICMP_TYPE,FTP_COMMAND_RET_CODE,0.1238254764121349
6,13,MIN_IP_PKT_LEN,PROTOCOL,0.1225072411115989
9,13,FLOW_DURATION_MILLISECONDS,PROTOCOL,0.1217234128089974
2,15,RETRANSMITTED_IN_BYTES,OUT_BYTES,0.1216566578761846
8,15,NUM_PKTS_128_TO_256_BYTES,DST_TO_SRC_AVG_THROUGHPUT,0.1197907016185925
2,15,RETRANSMITTED_IN_BYTES,DST_TO_SRC_SECOND_BYTES,0.1188241759301671
4,15,FTP_COMMAND_RET_CODE,SERVER_TCP_FLAGS,0.118235801904223
11,20,MAX_TTL,DURATION_OUT,0.1179702642814904
11,20,MIN_TTL,DURATION_OUT,0.1177729610834344
3,9,ICMP_TYPE,DURATION_IN,0.1176570045204404
3,9,ICMP_IPV4_TYPE,DURATION_IN,0.1176569930596685
2,15,RETRANSMITTED_IN_PKTS,OUT_BYTES,0.1169307435099165
8,15,NUM_PKTS_128_TO_256_BYTES,DST_TO_SRC_SECOND_BYTES,0.1163690911420348
3,17,ICMP_IPV4_TYPE,NUM_PKTS_256_TO_512_BYTES,0.1148956381447192
3,17,ICMP_TYPE,NUM_PKTS_256_TO_512_BYTES,0.114895612990602
2,15,RETRANSMITTED_IN_PKTS,DST_TO_SRC_SECOND_BYTES,0.1145240955669
14,20,SRC_TO_DST_AVG_THROUGHPUT,DURATION_OUT,0.1129292880478441
9,19,FLOW_DURATION_MILLISECONDS,NUM_PKTS_1024_TO_1514_BYTES,0.1121063801049121
7,15,SHORTEST_FLOW_PKT,OUT_PKTS,0.1091765275659003
4,13,FTP_COMMAND_RET_CODE,CLIENT_TCP_FLAGS,0.1068656867567006
8,15,NUM_PKTS_128_TO_256_BYTES,OUT_BYTES,0.1053761332108149
3,19,ICMP_TYPE,NUM_PKTS_1024_TO_1514_BYTES,0.104648424381679
3,19,ICMP_IPV4_TYPE,NUM_PKTS_1024_TO_1514_BYTES,0.1046484140119594
4,13,FTP_COMMAND_RET_CODE,TCP_FLAGS,0.1039370977812124
3,15,ICMP_IPV4_TYPE,TCP_WIN_MAX_OUT,0.103342247102127
3,15,ICMP_TYPE,TCP_WIN_MAX_OUT,0.1033422107262112
9,15,FLOW_DURATION_MILLISECONDS,TCP_WIN_MAX_OUT,0.1028553361137047
1,13,RETRANSMITTED_OUT_BYTES,PROTOCOL,0.1027045106733417
1,13,RETRANSMITTED_OUT_PKTS,PROTOCOL,0.1012963278629572
3,15,ICMP_IPV4_TYPE,OUT_PKTS,0.100859902836402
3,15,ICMP_TYPE,OUT_PKTS,0.1008598610192916
4,15,FTP_COMMAND_RET_CODE,OUT_PKTS,0.1005197347814658
1,10,RETRANSMITTED_OUT_PKTS,L7_PROTO,0.097852476852733
2,16,RETRANSMITTED_IN_PKTS,NUM_PKTS_UP_TO_128_BYTES,0.0976653178761847
2,16,RETRANSMITTED_IN_BYTES,NUM_PKTS_UP_TO_128_BYTES,0.0971732161548514
4,16,FTP_COMMAND_RET_CODE,NUM_PKTS_UP_TO_128_BYTES,0.0962621479138988
1,10,RETRANSMITTED_OUT_BYTES,L7_PROTO,0.0959677608479372
3,15,ICMP_IPV4_TYPE,SERVER_TCP_FLAGS,0.0957598528158596
3,15,ICMP_TYPE,SERVER_TCP_FLAGS,0.0957598114757338
9,16,FLOW_DURATION_MILLISECONDS,NUM_PKTS_UP_TO_128_BYTES,0.0954958115119505
3,18,ICMP_IPV4_TYPE,NUM_PKTS_512_TO_1024_BYTES,0.0951993257714574
3,18,ICMP_TYPE,NUM_PKTS_512_TO_1024_BYTES,0.0951993079274963
8,15,NUM_PKTS_128_TO_256_BYTES,OUT_PKTS,0.0950728845088421
2,15,RETRANSMITTED_IN_PKTS,DST_TO_SRC_AVG_THROUGHPUT,0.0949062594646502
7,9,SHORTEST_FLOW_PKT,DURATION_IN,0.0938495451594292
8,18,NUM_PKTS_128_TO_256_BYTES,NUM_PKTS_512_TO_1024_BYTES,0.0934360622197501
8,17,NUM_PKTS_128_TO_256_BYTES,NUM_PKTS_256_TO_512_BYTES,0.0930712593849116
2,9,RETRANSMITTED_IN_PKTS,DURATION_IN,0.0920118989512268
12,19,SRC_TO_DST_SECOND_BYTES,NUM_PKTS_1024_TO_1514_BYTES,0.0913454189084318
4,15,FTP_COMMAND_RET_CODE,TCP_WIN_MAX_OUT,0.0910754691943027
2,15,RETRANSMITTED_IN_BYTES,DST_TO_SRC_AVG_THROUGHPUT,0.090740495397647
9,13,DURATION_IN,PROTOCOL,0.0907229838981756
2,9,RETRANSMITTED_IN_BYTES,DURATION_IN,0.0906179185887708
3,5,ICMP_IPV4_TYPE,DNS_QUERY_TYPE,0.0874129984621508
3,5,ICMP_TYPE,DNS_QUERY_TYPE,0.0874129984608791
4,15,FTP_COMMAND_RET_CODE,DST_TO_SRC_SECOND_BYTES,0.0869974543464316
10,17,L7_PROTO,NUM_PKTS_256_TO_512_BYTES,0.0867701209713973
1,9,RETRANSMITTED_OUT_PKTS,DURATION_IN,0.0865221971795
1,9,RETRANSMITTED_OUT_BYTES,DURATION_IN,0.0863428171442685
3,11,ICMP_TYPE,MAX_TTL,0.085159929595676
3,11,ICMP_IPV4_TYPE,MAX_TTL,0.0851599069204326
10,18,L7_PROTO,NUM_PKTS_512_TO_1024_BYTES,0.0850921290505057
3,11,ICMP_TYPE,MIN_TTL,0.0847927294486625
3,11,ICMP_IPV4_TYPE,MIN_TTL,0.0847927067359692
3,5,ICMP_IPV4_TYPE,DNS_QUERY_ID,0.0846932108808085
3,5,ICMP_TYPE,DNS_QUERY_ID,0.0846932108795387
19,20,NUM_PKTS_1024_TO_1514_BYTES,DURATION_OUT,0.0840554080682585
5,18,DNS_QUERY_TYPE,NUM_PKTS_512_TO_1024_BYTES,0.0837361785410755
3,16,ICMP_TYPE,NUM_PKTS_UP_TO_128_BYTES,0.0831124086267813
3,16,ICMP_IPV4_TYPE,NUM_PKTS_UP_TO_128_BYTES,0.0831123646342802
4,15,FTP_COMMAND_RET_CODE,OUT_BYTES,0.0830754610849834
5,18,DNS_QUERY_ID,NUM_PKTS_512_TO_1024_BYTES,0.0824398635685683
5,17,DNS_QUERY_TYPE,NUM_PKTS_256_TO_512_BYTES,0.0824197111254631
4,15,FTP_COMMAND_RET_CODE,DST_TO_SRC_AVG_THROUGHPUT,0.0822212692881431
5,8,DNS_QUERY_TYPE,NUM_PKTS_128_TO_256_BYTES,0.0821146626158473
5,19,DNS_QUERY_TYPE,NUM_PKTS_1024_TO_1514_BYTES,0.0818729908424025
1,20,RETRANSMITTED_OUT_BYTES,DURATION_OUT,0.0818078079273169
4,6,FTP_COMMAND_RET_CODE,MIN_IP_PKT_LEN,0.0813265348499956
5,17,DNS_QUERY_ID,NUM_PKTS_256_TO_512_BYTES,0.0807628624587077
2,5,RETRANSMITTED_IN_BYTES,DNS_QUERY_TYPE,0.0804740518835488
5,19,DNS_QUERY_ID,NUM_PKTS_1024_TO_1514_BYTES,0.0799618916828315
2,5,RETRANSMITTED_IN_PKTS,DNS_QUERY_TYPE,0.0797572646521452
7,18,SHORTEST_FLOW_PKT,NUM_PKTS_512_TO_1024_BYTES,0.0797152627661906
12,17,SRC_TO_DST_SECOND_BYTES,NUM_PKTS_256_TO_512_BYTES,0.0793720071514748
3,15,ICMP_IPV4_TYPE,OUT_BYTES,0.0791726051341811
3,15,ICMP_TYPE,OUT_BYTES,0.0791725652469903
2,5,RETRANSMITTED_IN_BYTES,DNS_QUERY_ID,0.0787861196206481
6,16,MIN_IP_PKT_LEN,IN_PKTS,0.0784983213213779
5,8,DNS_QUERY_ID,NUM_PKTS_128_TO_256_BYTES,0.0782838392427401
2,5,RETRANSMITTED_IN_PKTS,DNS_QUERY_ID,0.0781807065725053
3,15,ICMP_IPV4_TYPE,DST_TO_SRC_SECOND_BYTES,0.0780214652902869
3,15,ICMP_TYPE,DST_TO_SRC_SECOND_BYTES,0.0780214256185664
3,5,ICMP_IPV4_TYPE,DNS_TTL_ANSWER,0.0780010524449243
3,5,ICMP_TYPE,DNS_TTL_ANSWER,0.078001052443757
2,11,RETRANSMITTED_IN_PKTS,MAX_TTL,0.0772193675657831
1,7,RETRANSMITTED_OUT_PKTS,SHORTEST_FLOW_PKT,0.0768592465938188
4,16,FTP_COMMAND_RET_CODE,IN_PKTS,0.0768462485133993
2,11,RETRANSMITTED_IN_PKTS,MIN_TTL,0.0768442028023294
8,9,NUM_PKTS_128_TO_256_BYTES,FLOW_DURATION_MILLISECONDS,0.0766582721521799
1,20,RETRANSMITTED_OUT_PKTS,DURATION_OUT,0.0765736750805776
9,20,DURATION_IN,DURATION_OUT,0.0760943882605161
15,20,DST_TO_SRC_AVG_THROUGHPUT,DURATION_OUT,0.0756336443392734
5,18,DNS_TTL_ANSWER,NUM_PKTS_512_TO_1024_BYTES,0.0755466031702734
1,7,RETRANSMITTED_OUT_BYTES,SHORTEST_FLOW_PKT,0.0752896197212251
5,19,DNS_TTL_ANSWER,NUM_PKTS_1024_TO_1514_BYTES,0.0733922230057729
3,10,ICMP_TYPE,L7_PROTO,0.0731860749173355
3,10,ICMP_IPV4_TYPE,L7_PROTO,0.0731860588956667
4,14,FTP_COMMAND_RET_CODE,SRC_TO_DST_AVG_THROUGHPUT,0.0731222932738466
2,11,RETRANSMITTED_IN_BYTES,MAX_TTL,0.0729930154519828
2,11,RETRANSMITTED_IN_BYTES,MIN_TTL,0.0725754408430429
5,17,DNS_TTL_ANSWER,NUM_PKTS_256_TO_512_BYTES,0.0725726939691647
2,5,RETRANSMITTED_IN_BYTES,DNS_TTL_ANSWER,0.0725175859777289
2,5,RETRANSMITTED_IN_PKTS,DNS_TTL_ANSWER,0.0719549405197844
7,19,SHORTEST_FLOW_PKT,NUM_PKTS_1024_TO_1514_BYTES,0.0709826834437321
7,17,SHORTEST_FLOW_PKT,NUM_PKTS_256_TO_512_BYTES,0.0700602825398283
11,13,MAX_TTL,PROTOCOL,0.0692379852388157
11,13,MIN_TTL,PROTOCOL,0.0689047330656644
1,12,RETRANSMITTED_OUT_BYTES,SRC_TO_DST_SECOND_BYTES,0.0686054176961142
1,12,RETRANSMITTED_OUT_PKTS,SRC_TO_DST_SECOND_BYTES,0.0678463009005122
5,20,DNS_QUERY_TYPE,DURATION_OUT,0.066660255706988
5,20,DNS_QUERY_ID,DURATION_OUT,0.064622615181303
4,13,FTP_COMMAND_RET_CODE,TCP_WIN_MAX_IN,0.0637018297494942
12,20,SRC_TO_DST_SECOND_BYTES,DURATION_OUT,0.061884647703174
12,18,SRC_TO_DST_SECOND_BYTES,NUM_PKTS_512_TO_1024_BYTES,0.0608842225538308
3,15,ICMP_IPV4_TYPE,DST_TO_SRC_AVG_THROUGHPUT,0.0603610368375272
3,15,ICMP_TYPE,DST_TO_SRC_AVG_THROUGHPUT,0.0603610063380685
5,20,DNS_TTL_ANSWER,DURATION_OUT,0.0597659878135222
9,17,FLOW_DURATION_MILLISECONDS,NUM_PKTS_256_TO_512_BYTES,0.0592425569517522
9,18,FLOW_DURATION_MILLISECONDS,NUM_PKTS_512_TO_1024_BYTES,0.0566578209860568
5,8,DNS_TTL_ANSWER,NUM_PKTS_128_TO_256_BYTES,0.0549623274230436
10,20,L7_PROTO,DURATION_OUT,0.0533739301328008
1,9,RETRANSMITTED_OUT_BYTES,FLOW_DURATION_MILLISECONDS,0.0521958941011221
1,9,RETRANSMITTED_OUT_PKTS,FLOW_DURATION_MILLISECONDS,0.0521035600204438
4,14,FTP_COMMAND_RET_CODE,IN_BYTES,0.0519175897100121
7,20,SHORTEST_FLOW_PKT,DURATION_OUT,0.0505931142719047
8,20,NUM_PKTS_128_TO_256_BYTES,DURATION_OUT,0.0491773364688019
1,5,RETRANSMITTED_OUT_BYTES,DNS_QUERY_TYPE,0.0484816491330277
1,5,RETRANSMITTED_OUT_PKTS,DNS_QUERY_TYPE,0.0479802631429363
1,5,RETRANSMITTED_OUT_BYTES,DNS_QUERY_ID,0.0470574839506412
2,6,RETRANSMITTED_IN_BYTES,MIN_IP_PKT_LEN,0.046688252015313
1,5,RETRANSMITTED_OUT_PKTS,DNS_QUERY_ID,0.0466323074448537
2,10,RETRANSMITTED_IN_PKTS,L7_PROTO,0.045988734908579
5,16,DNS_QUERY_TYPE,NUM_PKTS_UP_TO_128_BYTES,0.0445248400518134
1,5,RETRANSMITTED_OUT_BYTES,DNS_TTL_ANSWER,0.0433390957055241
3,9,ICMP_IPV4_TYPE,FLOW_DURATION_MILLISECONDS,0.0433008820168356
3,9,ICMP_TYPE,FLOW_DURATION_MILLISECONDS,0.0433008734912178
2,6,RETRANSMITTED_IN_PKTS,MIN_IP_PKT_LEN,0.0432778149564726
1,5,RETRANSMITTED_OUT_PKTS,DNS_TTL_ANSWER,0.0429438937980845
2,20,RETRANSMITTED_IN_BYTES,DURATION_OUT,0.0425607913211807
4,7,FTP_COMMAND_RET_CODE,SHORTEST_FLOW_PKT,0.0415078866462294
4,9,FTP_COMMAND_RET_CODE,DURATION_IN,0.041493522535077
6,8,MIN_IP_PKT_LEN,NUM_PKTS_128_TO_256_BYTES,0.0406167113780348
2,10,RETRANSMITTED_IN_BYTES,L7_PROTO,0.0405921834477382
1,8,RETRANSMITTED_OUT_PKTS,NUM_PKTS_128_TO_256_BYTES,0.0395398392039808
4,11,FTP_COMMAND_RET_CODE,MIN_TTL,0.0392928293083254
4,11,FTP_COMMAND_RET_CODE,MAX_TTL,0.0389881283576781
4,13,FTP_COMMAND_RET_CODE,PROTOCOL,0.0389170927739568
1,8,RETRANSMITTED_OUT_BYTES,NUM_PKTS_128_TO_256_BYTES,0.038476475064019
5,16,DNS_QUERY_ID,NUM_PKTS_UP_TO_128_BYTES,0.038274796515368
5,16,DNS_TTL_ANSWER,NUM_PKTS_UP_TO_128_BYTES,0.0379941487379726
4,10,FTP_COMMAND_RET_CODE,L7_PROTO,0.0372305731795307
4,8,FTP_COMMAND_RET_CODE,NUM_PKTS_128_TO_256_BYTES,0.0359239542099815
4,9,FTP_COMMAND_RET_CODE,FLOW_DURATION_MILLISECONDS,0.0358174486152196
2,20,RETRANSMITTED_IN_PKTS,DURATION_OUT,0.033980798468336
1,11,RETRANSMITTED_OUT_BYTES,MIN_TTL,0.0325671243718461
1,11,RETRANSMITTED_OUT_PKTS,MIN_TTL,0.0320357841835177
1,11,RETRANSMITTED_OUT_BYTES,MAX_TTL,0.031893980653765
3,20,ICMP_IPV4_TYPE,DURATION_OUT,0.0314529593194569
3,20,ICMP_TYPE,DURATION_OUT,0.0314529304659491
1,11,RETRANSMITTED_OUT_PKTS,MAX_TTL,0.0313290614484726
4,14,FTP_COMMAND_RET_CODE,MAX_IP_PKT_LEN,0.0286167322187255
4,14,FTP_COMMAND_RET_CODE,LONGEST_FLOW_PKT,0.0286167322187255
3,6,ICMP_TYPE,MIN_IP_PKT_LEN,0.0275119051167745
3,6,ICMP_IPV4_TYPE,MIN_IP_PKT_LEN,0.0275118704432963
2,9,RETRANSMITTED_IN_PKTS,FLOW_DURATION_MILLISECONDS,0.0239053167259589
4,12,FTP_COMMAND_RET_CODE,SRC_TO_DST_SECOND_BYTES,0.0236704411267932
2,9,RETRANSMITTED_IN_BYTES,FLOW_DURATION_MILLISECONDS,0.0235969803585417
4,5,FTP_COMMAND_RET_CODE,DNS_QUERY_TYPE,0.0185720508196422
4,5,FTP_COMMAND_RET_CODE,DNS_QUERY_ID,0.0180999512495058
4,17,FTP_COMMAND_RET_CODE,NUM_PKTS_256_TO_512_BYTES,0.0171305578261703
4,5,FTP_COMMAND_RET_CODE,DNS_TTL_ANSWER,0.0166657746007255
4,18,FTP_COMMAND_RET_CODE,NUM_PKTS_512_TO_1024_BYTES,0.0160029757808124
4,19,FTP_COMMAND_RET_CODE,NUM_PKTS_1024_TO_1514_BYTES,0.0153163485749438
4,20,FTP_COMMAND_RET_CODE,DURATION_OUT,0.0039328495153413
