Feature_1,Feature_2,NMI,Spearman,Abs_Spearman,Unified_Dependency
LONGEST_FLOW_PKT,MAX_IP_PKT_LEN,1.0,1.0,1.0,1.0
ICMP_TYPE,ICMP_IPV4_TYPE,1.0,0.999999999981887,0.999999999981887,0.9999999999909435
MIN_TTL,MAX_TTL,0.9969303876555029,0.9994960511630289,0.9994960511630289,0.9982132194092659
TCP_FLAGS,CLIENT_TCP_FLAGS,0.8750350577233158,0.9770958711022382,0.9770958711022382,0.926065464412777
OUT_BYTES,DST_TO_SRC_SECOND_BYTES,0.8490066854107462,0.996996782848699,0.996996782848699,0.9230017341297225
RETRANSMITTED_OUT_BYTES,RETRANSMITTED_OUT_PKTS,0.7592632043529155,0.999888783226758,0.999888783226758,0.8795759937898368
RETRANSMITTED_IN_BYTES,RETRANSMITTED_IN_PKTS,0.7212146128976848,0.9994005345302523,0.9994005345302523,0.8603075737139686
DNS_QUERY_ID,DNS_QUERY_TYPE,0.6357480533483066,0.994131320319809,0.994131320319809,0.8149396868340578
DST_TO_SRC_SECOND_BYTES,DST_TO_SRC_AVG_THROUGHPUT,0.6647022897653714,0.9562569613120647,0.9562569613120647,0.8104796255387181
OUT_BYTES,DST_TO_SRC_AVG_THROUGHPUT,0.6497372374280139,0.9607757685969298,0.9607757685969298,0.8052565030124719
TCP_FLAGS,SERVER_TCP_FLAGS,0.7198493405754184,0.8596950183554102,0.8596950183554102,0.7897721794654142
PROTOCOL,CLIENT_TCP_FLAGS,0.6265062075339694,-0.8860878765001383,0.8860878765001383,0.7562970420170538
OUT_BYTES,OUT_PKTS,0.5110360345395414,0.9895031343538426,0.9895031343538426,0.750269584446692
OUT_PKTS,DST_TO_SRC_SECOND_BYTES,0.4976999142167244,0.9878152603575248,0.9878152603575248,0.7427575872871246
PROTOCOL,TCP_FLAGS,0.5997849784090672,-0.8750799249265394,0.8750799249265394,0.7374324516678032
DNS_QUERY_TYPE,DNS_TTL_ANSWER,0.5517478597311096,0.9059418930698296,0.9059418930698296,0.7288448764004696
FLOW_DURATION_MILLISECONDS,DURATION_IN,0.8154808690793863,0.624383465413342,0.624383465413342,0.7199321672463641
CLIENT_TCP_FLAGS,TCP_WIN_MAX_IN,0.5012053324601363,0.9372073048447493,0.9372073048447493,0.7192063186524429
TCP_FLAGS,TCP_WIN_MAX_IN,0.49055357789638276,0.9274756549637778,0.9274756549637778,0.7090146164300803
CLIENT_TCP_FLAGS,SERVER_TCP_FLAGS,0.612029410969616,0.7914381547795932,0.7914381547795932,0.7017337828746046
SERVER_TCP_FLAGS,TCP_WIN_MAX_OUT,0.5439133964627824,0.8561124909376074,0.8561124909376074,0.700012943700195
IN_BYTES,MAX_IP_PKT_LEN,0.580177875681148,0.8088598394269388,0.8088598394269388,0.6945188575540434
IN_BYTES,LONGEST_FLOW_PKT,0.580177875681148,0.8088598394269388,0.8088598394269388,0.6945188575540434
IN_BYTES,SRC_TO_DST_SECOND_BYTES,0.7871942431851671,0.5838932082218391,0.5838932082218391,0.6855437257035031
OUT_PKTS,SERVER_TCP_FLAGS,0.5125396836227374,0.8472570302218007,0.8472570302218007,0.679898356922269
DNS_QUERY_ID,DNS_TTL_ANSWER,0.4149357579783882,0.9123006354030039,0.9123006354030039,0.663618196690696
MAX_IP_PKT_LEN,SRC_TO_DST_AVG_THROUGHPUT,0.5513300086997529,0.7466596701945509,0.7466596701945509,0.6489948394471519
LONGEST_FLOW_PKT,SRC_TO_DST_AVG_THROUGHPUT,0.5513300086997529,0.7466596701945509,0.7466596701945509,0.6489948394471519
RETRANSMITTED_IN_BYTES,ICMP_IPV4_TYPE,0.2916259420499256,0.9944007193963101,0.9944007193963101,0.6430133307231178
RETRANSMITTED_IN_BYTES,ICMP_TYPE,0.2916259420499256,0.9944006507351486,0.9944006507351486,0.6430132963925371
CLIENT_TCP_FLAGS,LONGEST_FLOW_PKT,0.5671088088341578,0.7131219658810004,0.7131219658810004,0.6401153873575791
CLIENT_TCP_FLAGS,MAX_IP_PKT_LEN,0.5671088088341578,0.7131219658810004,0.7131219658810004,0.6401153873575791
CLIENT_TCP_FLAGS,TCP_WIN_MAX_OUT,0.49738316156310675,0.7823940093814562,0.7823940093814562,0.6398885854722814
OUT_PKTS,DST_TO_SRC_AVG_THROUGHPUT,0.33341382962162813,0.9462285235909803,0.9462285235909803,0.6398211766063042
IN_BYTES,SRC_TO_DST_AVG_THROUGHPUT,0.6355067519676731,0.6309088135506401,0.6309088135506401,0.6332077827591567
MIN_IP_PKT_LEN,DST_TO_SRC_SECOND_BYTES,0.38286314685206546,0.8797714699293746,0.8797714699293746,0.63131730839072
OUT_PKTS,NUM_PKTS_UP_TO_128_BYTES,0.5350882063243858,0.7243252719584191,0.7243252719584191,0.6297067391414024
OUT_BYTES,MIN_IP_PKT_LEN,0.3788139820913441,0.878884781730596,0.878884781730596,0.6288493819109701
OUT_PKTS,TCP_WIN_MAX_OUT,0.46763007705101417,0.7849709746834225,0.7849709746834225,0.6263005258672183
SERVER_TCP_FLAGS,DST_TO_SRC_SECOND_BYTES,0.45672282380125645,0.7917050506673586,0.7917050506673586,0.6242139372343075
OUT_BYTES,SERVER_TCP_FLAGS,0.4514914605731033,0.7946888307242292,0.7946888307242292,0.6230901456486663
IN_BYTES,IN_PKTS,0.4535593919010521,0.7916882337851258,0.7916882337851258,0.622623812843089
RETRANSMITTED_IN_PKTS,ICMP_IPV4_TYPE,0.24690935404180636,0.994738317697498,0.994738317697498,0.6208238358696522
RETRANSMITTED_IN_PKTS,ICMP_TYPE,0.24690935404180636,0.9947382536854534,0.9947382536854534,0.6208238038636299
TCP_FLAGS,LONGEST_FLOW_PKT,0.5481264424041646,0.6857362696332343,0.6857362696332343,0.6169313560186995
TCP_FLAGS,MAX_IP_PKT_LEN,0.5481264424041646,0.6857362696332343,0.6857362696332343,0.6169313560186995
SERVER_TCP_FLAGS,DST_TO_SRC_AVG_THROUGHPUT,0.49437166961515383,0.7367842281261748,0.7367842281261748,0.6155779488706643
SERVER_TCP_FLAGS,TCP_WIN_MAX_IN,0.4665679561925124,0.7633108575015191,0.7633108575015191,0.6149394068470158
OUT_BYTES,LONGEST_FLOW_PKT,0.5334980859326468,0.6752321433428524,0.6752321433428524,0.6043651146377496
OUT_BYTES,MAX_IP_PKT_LEN,0.5334980859326468,0.6752321433428524,0.6752321433428524,0.6043651146377496
TCP_FLAGS,TCP_WIN_MAX_OUT,0.45150391531501016,0.7527765652443443,0.7527765652443443,0.6021402402796773
MIN_IP_PKT_LEN,DNS_QUERY_TYPE,0.5697201555450481,0.6341465525789736,0.6341465525789736,0.6019333540620109
MAX_IP_PKT_LEN,DST_TO_SRC_SECOND_BYTES,0.528317671093006,0.6687578674032011,0.6687578674032011,0.5985377692481035
LONGEST_FLOW_PKT,DST_TO_SRC_SECOND_BYTES,0.528317671093006,0.6687578674032011,0.6687578674032011,0.5985377692481035
DST_TO_SRC_SECOND_BYTES,TCP_WIN_MAX_OUT,0.42239632313283637,0.7654960368964834,0.7654960368964834,0.5939461800146599
MIN_IP_PKT_LEN,DST_TO_SRC_AVG_THROUGHPUT,0.3083818615135696,0.8778329813574806,0.8778329813574806,0.5931074214355251
OUT_BYTES,TCP_WIN_MAX_OUT,0.4199202973723103,0.765632897282787,0.765632897282787,0.5927765973275487
TCP_WIN_MAX_IN,TCP_WIN_MAX_OUT,0.4571979445116703,0.7099086642017463,0.7099086642017463,0.5835533043567083
IN_PKTS,NUM_PKTS_UP_TO_128_BYTES,0.5567964360294309,0.5949961631446646,0.5949961631446646,0.5758962995870478
PROTOCOL,TCP_WIN_MAX_IN,0.2678040774986546,-0.8670084190015132,0.8670084190015132,0.5674062482500839
LONGEST_FLOW_PKT,DST_TO_SRC_AVG_THROUGHPUT,0.4797163136364709,0.646595826872234,0.646595826872234,0.5631560702543524
MAX_IP_PKT_LEN,DST_TO_SRC_AVG_THROUGHPUT,0.4797163136364709,0.646595826872234,0.646595826872234,0.5631560702543524
MAX_IP_PKT_LEN,TCP_WIN_MAX_IN,0.5098812059455077,0.5995324049422246,0.5995324049422246,0.5547068054438662
LONGEST_FLOW_PKT,TCP_WIN_MAX_IN,0.5098812059455077,0.5995324049422246,0.5995324049422246,0.5547068054438662
IN_BYTES,CLIENT_TCP_FLAGS,0.48885031243526733,0.6160658479826638,0.6160658479826638,0.5524580802089656
IN_PKTS,TCP_WIN_MAX_OUT,0.3887687813084253,0.7074638116301327,0.7074638116301327,0.548116296469279
DURATION_IN,SRC_TO_DST_SECOND_BYTES,0.31259783556749443,0.7774701445210551,0.7774701445210551,0.5450339900442748
NUM_PKTS_UP_TO_128_BYTES,TCP_WIN_MAX_OUT,0.36803530173432736,0.7169720377057951,0.7169720377057951,0.5425036697200613
DST_TO_SRC_SECOND_BYTES,NUM_PKTS_UP_TO_128_BYTES,0.3792284382964558,0.7055899102260199,0.7055899102260199,0.5424091742612378
SERVER_TCP_FLAGS,NUM_PKTS_UP_TO_128_BYTES,0.3993621313233489,0.6852298621802284,0.6852298621802284,0.5422959967517886
MIN_IP_PKT_LEN,DNS_QUERY_ID,0.4384755381598204,0.6344014670081742,0.6344014670081742,0.5364385025839973
OUT_BYTES,NUM_PKTS_UP_TO_128_BYTES,0.3664674204249936,0.7047622198186502,0.7047622198186502,0.5356148201218218
OUT_PKTS,TCP_FLAGS,0.4462948358010514,0.6247103370956827,0.6247103370956827,0.535502586448367
LONGEST_FLOW_PKT,SHORTEST_FLOW_PKT,0.4968056369411406,0.5686228408423386,0.5686228408423386,0.5327142388917396
SHORTEST_FLOW_PKT,MAX_IP_PKT_LEN,0.4968056369411405,0.5686228408423386,0.5686228408423386,0.5327142388917395
IN_BYTES,TCP_FLAGS,0.4745987364717719,0.5655965784573906,0.5655965784573906,0.5200976574645813
OUT_PKTS,MIN_IP_PKT_LEN,0.17993679113788616,0.8562865830857427,0.8562865830857427,0.5181116871118144
OUT_PKTS,CLIENT_TCP_FLAGS,0.4569126312863331,0.5755171434802911,0.5755171434802911,0.5162148873833121
MIN_IP_PKT_LEN,DNS_TTL_ANSWER,0.414127461267242,0.5994330063213292,0.5994330063213292,0.5067802337942856
OUT_PKTS,MAX_IP_PKT_LEN,0.36099250873698213,0.6498513643350619,0.6498513643350619,0.505421936536022
OUT_PKTS,LONGEST_FLOW_PKT,0.36099250873698213,0.6498513643350619,0.6498513643350619,0.505421936536022
SERVER_TCP_FLAGS,LONGEST_FLOW_PKT,0.4197039690970702,0.5832540434510098,0.5832540434510098,0.50147900627404
SERVER_TCP_FLAGS,MAX_IP_PKT_LEN,0.4197039690970702,0.5832540434510098,0.5832540434510098,0.50147900627404
SHORTEST_FLOW_PKT,SRC_TO_DST_AVG_THROUGHPUT,0.48132231730813235,0.5120875618487151,0.5120875618487151,0.4967049395784237
PROTOCOL,MAX_IP_PKT_LEN,0.39554843459499744,-0.587634906771554,0.587634906771554,0.49159167068327575
PROTOCOL,LONGEST_FLOW_PKT,0.39554843459499744,-0.587634906771554,0.587634906771554,0.49159167068327575
IN_BYTES,NUM_PKTS_128_TO_256_BYTES,0.3428243925795377,0.6382770577801895,0.6382770577801895,0.4905507251798636
DST_TO_SRC_AVG_THROUGHPUT,TCP_WIN_MAX_OUT,0.29911725577601084,0.6799072220835081,0.6799072220835081,0.4895122389297595
TCP_FLAGS,DST_TO_SRC_SECOND_BYTES,0.41466682236082386,0.5637890193478106,0.5637890193478106,0.4892279208543172
IN_PKTS,SRC_TO_DST_SECOND_BYTES,0.4151391061825525,0.5621191372079376,0.5621191372079376,0.4886291216952451
IN_PKTS,SERVER_TCP_FLAGS,0.4070096154470586,0.5685199257079004,0.5685199257079004,0.4877647705774795
L7_PROTO,LONGEST_FLOW_PKT,0.49911742485447075,-0.47634386355432823,0.47634386355432823,0.4877306442043995
L7_PROTO,MAX_IP_PKT_LEN,0.49911742485447075,-0.47634386355432823,0.47634386355432823,0.4877306442043995
OUT_PKTS,TCP_WIN_MAX_IN,0.4243780377916706,0.5505650590181558,0.5505650590181558,0.4874715484049132
OUT_BYTES,TCP_FLAGS,0.40880803798041015,0.5659726435729863,0.5659726435729863,0.4873903407766982
CLIENT_TCP_FLAGS,DST_TO_SRC_SECOND_BYTES,0.44669736332548,0.5280172501279612,0.5280172501279612,0.4873573067267206
LONGEST_FLOW_PKT,NUM_PKTS_128_TO_256_BYTES,0.315422913239576,0.6578347423144427,0.6578347423144427,0.48662882777700933
MAX_IP_PKT_LEN,NUM_PKTS_128_TO_256_BYTES,0.315422913239576,0.6578347423144427,0.6578347423144427,0.48662882777700933
CLIENT_TCP_FLAGS,SRC_TO_DST_AVG_THROUGHPUT,0.43304664767963363,0.5398310160350458,0.5398310160350458,0.4864388318573397
OUT_BYTES,CLIENT_TCP_FLAGS,0.44155211821063334,0.5293940510066667,0.5293940510066667,0.48547308460865
IN_PKTS,MAX_TTL,0.23129889130049186,0.7261016208591219,0.7261016208591219,0.4787002560798069
IN_PKTS,MIN_TTL,0.23146151295843145,0.7254141604997696,0.7254141604997696,0.4784378367291005
TCP_FLAGS,DST_TO_SRC_AVG_THROUGHPUT,0.4492559097089796,0.507551880005933,0.507551880005933,0.47840389485745627
L7_PROTO,FLOW_DURATION_MILLISECONDS,0.30198231615554677,0.6508292421821776,0.6508292421821776,0.4764057791688622
IN_BYTES,MAX_TTL,0.3721341539478464,0.5774705263287837,0.5774705263287837,0.474802340138315
IN_BYTES,MIN_TTL,0.3720732696972428,0.5770519476892392,0.5770519476892392,0.47456260869324096
LONGEST_FLOW_PKT,TCP_WIN_MAX_OUT,0.33104477969332574,0.6161853959418119,0.6161853959418119,0.4736150878175688
MAX_IP_PKT_LEN,TCP_WIN_MAX_OUT,0.33104477969332574,0.6161853959418119,0.6161853959418119,0.4736150878175688
TCP_FLAGS,SRC_TO_DST_AVG_THROUGHPUT,0.4131844313019537,0.52926788527983,0.52926788527983,0.47122615829089187
IN_PKTS,OUT_PKTS,0.5300482949963006,0.40698548476055874,0.40698548476055874,0.46851688987842965
L7_PROTO,DURATION_IN,0.31055094560287766,0.6251022950098555,0.6251022950098555,0.46782662030636657
SRC_TO_DST_AVG_THROUGHPUT,DST_TO_SRC_AVG_THROUGHPUT,0.3837934168462027,0.5494684206669496,0.5494684206669496,0.46663091875657614
SRC_TO_DST_SECOND_BYTES,SRC_TO_DST_AVG_THROUGHPUT,0.6903285622370747,0.24249608096215455,0.24249608096215455,0.46641232159961465
IN_BYTES,TCP_WIN_MAX_OUT,0.282936637126392,0.6473536164096153,0.6473536164096153,0.4651451267680037
DST_TO_SRC_AVG_THROUGHPUT,NUM_PKTS_UP_TO_128_BYTES,0.2750324404999598,0.6437450863444557,0.6437450863444557,0.45938876342220775
IN_BYTES,TCP_WIN_MAX_IN,0.4468561528539333,0.46761111923511023,0.46761111923511023,0.4572336360445218
IN_BYTES,OUT_BYTES,0.38154612988121295,0.5202982485114473,0.5202982485114473,0.45092218919633015
MIN_TTL,SRC_TO_DST_SECOND_BYTES,0.3838917625380703,0.5172579164713841,0.5172579164713841,0.4505748395047272
MAX_TTL,SRC_TO_DST_SECOND_BYTES,0.3839814869136706,0.517164259264958,0.517164259264958,0.4505728730893143
IN_PKTS,CLIENT_TCP_FLAGS,0.364845564269474,0.5327112109119453,0.5327112109119453,0.44877838759070965
IN_BYTES,DST_TO_SRC_SECOND_BYTES,0.3784768057164361,0.5158889573795281,0.5158889573795281,0.44718288154798214
SRC_TO_DST_AVG_THROUGHPUT,TCP_WIN_MAX_IN,0.4287712513624306,0.4461079460814754,0.4461079460814754,0.43743959872195304
IN_BYTES,SERVER_TCP_FLAGS,0.33592540643475405,0.5313451202298538,0.5313451202298538,0.43363526333230396
IN_BYTES,OUT_PKTS,0.34849357280123494,0.5184713365584996,0.5184713365584996,0.4334824546798673
L7_PROTO,SRC_TO_DST_AVG_THROUGHPUT,0.38531342974107596,-0.47317976598595174,0.47317976598595174,0.4292465978635138
PROTOCOL,IN_BYTES,0.4191634038693739,-0.43790622160727094,0.43790622160727094,0.4285348127383224
SRC_TO_DST_SECOND_BYTES,NUM_PKTS_128_TO_256_BYTES,0.3483369741729205,0.5085574836998795,0.5085574836998795,0.42844722893639997
IN_BYTES,SHORTEST_FLOW_PKT,0.4881532872350242,0.36824308060281175,0.36824308060281175,0.42819818391891795
NUM_PKTS_256_TO_512_BYTES,TCP_WIN_MAX_OUT,0.15898356278735518,0.6940435434304412,0.6940435434304412,0.42651355310889816
TCP_FLAGS,NUM_PKTS_UP_TO_128_BYTES,0.5172759267875531,0.33252184690180736,0.33252184690180736,0.42489888684468025
OUT_PKTS,NUM_PKTS_256_TO_512_BYTES,0.2402653382741287,0.6091624353529612,0.6091624353529612,0.42471388681354494
NUM_PKTS_256_TO_512_BYTES,NUM_PKTS_512_TO_1024_BYTES,0.18116724959140051,0.6637915414448722,0.6637915414448722,0.42247939551813635
OUT_BYTES,NUM_PKTS_1024_TO_1514_BYTES,0.2626480973006851,0.5744612310692049,0.5744612310692049,0.418554664184945
SRC_TO_DST_AVG_THROUGHPUT,NUM_PKTS_128_TO_256_BYTES,0.260222072903652,0.5761384164336284,0.5761384164336284,0.41818024466864023
IN_PKTS,TCP_FLAGS,0.3487015201116089,0.48584641603154394,0.48584641603154394,0.4172739680715764
CLIENT_TCP_FLAGS,DST_TO_SRC_AVG_THROUGHPUT,0.378166196868604,0.45627235704697616,0.45627235704697616,0.41721927695779004
DURATION_IN,DST_TO_SRC_AVG_THROUGHPUT,0.1829638369157977,-0.6503275261804874,0.6503275261804874,0.4166456815481425
SHORTEST_FLOW_PKT,MIN_IP_PKT_LEN,0.627443015610794,0.20336288786383935,0.20336288786383935,0.4154029517373167
SERVER_TCP_FLAGS,NUM_PKTS_256_TO_512_BYTES,0.17249819100563785,0.6563045958723197,0.6563045958723197,0.41440139343897875
OUT_BYTES,TCP_WIN_MAX_IN,0.3237958277546238,0.5001379906360569,0.5001379906360569,0.41196690919534035
DST_TO_SRC_SECOND_BYTES,TCP_WIN_MAX_IN,0.3235304271154258,0.49968869169375935,0.49968869169375935,0.41160955940459254
SHORTEST_FLOW_PKT,NUM_PKTS_UP_TO_128_BYTES,0.30971976885486163,-0.5128554907107389,0.5128554907107389,0.41128762978280026
NUM_PKTS_512_TO_1024_BYTES,TCP_WIN_MAX_OUT,0.1280877741374164,0.6934312628894969,0.6934312628894969,0.4107595185134566
RETRANSMITTED_IN_PKTS,RETRANSMITTED_OUT_PKTS,0.4057413607649449,0.40845170299570244,0.40845170299570244,0.4070965318803237
NUM_PKTS_1024_TO_1514_BYTES,TCP_WIN_MAX_OUT,0.172759905551858,0.6408367365685903,0.6408367365685903,0.4067983210602242
L7_PROTO,SHORTEST_FLOW_PKT,0.3232462241644305,-0.4897201331375046,0.4897201331375046,0.40648317865096756
MIN_IP_PKT_LEN,MAX_IP_PKT_LEN,0.324783673499318,0.4851684173685889,0.4851684173685889,0.4049760454339535
LONGEST_FLOW_PKT,MIN_IP_PKT_LEN,0.3247836734993179,0.4851684173685889,0.4851684173685889,0.4049760454339534
L7_PROTO,SRC_TO_DST_SECOND_BYTES,0.3850451614513565,0.4222382333230118,0.4222382333230118,0.40364169738718414
DST_TO_SRC_SECOND_BYTES,SRC_TO_DST_AVG_THROUGHPUT,0.3465372182680432,0.4593420861483795,0.4593420861483795,0.4029396522082114
OUT_BYTES,SRC_TO_DST_AVG_THROUGHPUT,0.33914553767769007,0.46631391396471283,0.46631391396471283,0.4027297258212015
DST_TO_SRC_SECOND_BYTES,NUM_PKTS_1024_TO_1514_BYTES,0.2390943407312655,0.5655853013943513,0.5655853013943513,0.4023398210628084
FLOW_DURATION_MILLISECONDS,SRC_TO_DST_AVG_THROUGHPUT,0.28502928636504554,-0.5183883037047604,0.5183883037047604,0.401708795034903
OUT_PKTS,NUM_PKTS_1024_TO_1514_BYTES,0.24338941226492478,0.5593300129885158,0.5593300129885158,0.4013597126267203
IN_BYTES,DST_TO_SRC_AVG_THROUGHPUT,0.3401076803614189,0.4602214366839184,0.4602214366839184,0.40016455852266863
PROTOCOL,SRC_TO_DST_AVG_THROUGHPUT,0.3069655293589453,-0.4874988375311053,0.4874988375311053,0.3972321834450253
RETRANSMITTED_IN_BYTES,RETRANSMITTED_OUT_PKTS,0.3818432304528102,0.41185771562474055,0.41185771562474055,0.3968504730387754
CLIENT_TCP_FLAGS,NUM_PKTS_UP_TO_128_BYTES,0.48204752175376053,0.3046597165765631,0.3046597165765631,0.3933536191651618
OUT_BYTES,NUM_PKTS_256_TO_512_BYTES,0.17569106023745215,0.6099834465774254,0.6099834465774254,0.3928372534074388
DST_TO_SRC_SECOND_BYTES,NUM_PKTS_256_TO_512_BYTES,0.17804676279080642,0.6027465695546778,0.6027465695546778,0.3903966661727421
LONGEST_FLOW_PKT,NUM_PKTS_1024_TO_1514_BYTES,0.2301180334468008,0.5498351791014666,0.5498351791014666,0.3899766062741337
MAX_IP_PKT_LEN,NUM_PKTS_1024_TO_1514_BYTES,0.2301180334468008,0.5498351791014666,0.5498351791014666,0.3899766062741337
RETRANSMITTED_IN_BYTES,RETRANSMITTED_OUT_BYTES,0.36750324121309674,0.41084690420965414,0.41084690420965414,0.3891750727113754
SERVER_TCP_FLAGS,NUM_PKTS_1024_TO_1514_BYTES,0.19900928056673486,0.577992398216337,0.577992398216337,0.3885008393915359
IN_PKTS,TCP_WIN_MAX_IN,0.34816194740240247,0.4272940350872383,0.4272940350872383,0.3877279912448204
PROTOCOL,DNS_QUERY_TYPE,0.26287576561850917,0.5074373595692321,0.5074373595692321,0.38515656259387065
OUT_BYTES,DURATION_IN,0.16432725786976565,-0.6057131599361651,0.6057131599361651,0.3850202089029654
IN_PKTS,NUM_PKTS_256_TO_512_BYTES,0.20586319761614122,0.5640050134424331,0.5640050134424331,0.3849341055292872
DURATION_IN,DST_TO_SRC_SECOND_BYTES,0.16712793070077825,-0.5984366430627804,0.5984366430627804,0.38278228688177934
SERVER_TCP_FLAGS,NUM_PKTS_512_TO_1024_BYTES,0.12491147219577044,0.6396944921339077,0.6396944921339077,0.3823029821648391
RETRANSMITTED_IN_PKTS,RETRANSMITTED_OUT_BYTES,0.354783965687858,0.4073247766711982,0.4073247766711982,0.3810543711795281
IN_BYTES,NUM_PKTS_UP_TO_128_BYTES,0.45273487620910086,0.3091803388512897,0.3091803388512897,0.38095760753019525
OUT_PKTS,NUM_PKTS_512_TO_1024_BYTES,0.17546145319502582,0.58134982511157,0.58134982511157,0.3784056391532979
NUM_PKTS_256_TO_512_BYTES,NUM_PKTS_1024_TO_1514_BYTES,0.15382807007250937,0.6023045997593447,0.6023045997593447,0.378066334915927
MAX_TTL,TCP_WIN_MAX_OUT,0.28565139688776453,0.4692960202527473,0.4692960202527473,0.3774737085702559
PROTOCOL,SERVER_TCP_FLAGS,0.22094361717756883,-0.5338552831617969,0.5338552831617969,0.37739945016968285
MAX_IP_PKT_LEN,SRC_TO_DST_SECOND_BYTES,0.5476379997763118,0.20661641243008222,0.20661641243008222,0.377127206103197
LONGEST_FLOW_PKT,SRC_TO_DST_SECOND_BYTES,0.5476379997763118,0.20661641243008222,0.20661641243008222,0.377127206103197
MIN_TTL,TCP_WIN_MAX_OUT,0.2853617250632444,0.4681529539954826,0.4681529539954826,0.3767573395293635
DST_TO_SRC_AVG_THROUGHPUT,NUM_PKTS_1024_TO_1514_BYTES,0.20483679659502227,0.5481074588622324,0.5481074588622324,0.37647212772862737
DURATION_IN,MIN_IP_PKT_LEN,0.1195215470459353,-0.628318208863235,0.628318208863235,0.37391987795458514
SHORTEST_FLOW_PKT,NUM_PKTS_128_TO_256_BYTES,0.21704974273999167,0.5214568335759581,0.5214568335759581,0.36925328815797487
IN_PKTS,OUT_BYTES,0.3546335045742853,0.383648526816154,0.383648526816154,0.3691410156952196
IN_PKTS,NUM_PKTS_1024_TO_1514_BYTES,0.20635145182549008,0.5264819119227032,0.5264819119227032,0.36641668187409665
CLIENT_TCP_FLAGS,NUM_PKTS_256_TO_512_BYTES,0.15086985574682657,0.5787694128666864,0.5787694128666864,0.36481963430675646
PROTOCOL,L7_PROTO,0.36835066603466277,0.3607231021663194,0.3607231021663194,0.3645368841004911
PROTOCOL,DNS_QUERY_ID,0.22145312278463186,0.506682132803829,0.506682132803829,0.3640676277942304
OUT_BYTES,NUM_PKTS_512_TO_1024_BYTES,0.13698417015071526,0.5885955796587804,0.5885955796587804,0.36278987490474784
NUM_PKTS_UP_TO_128_BYTES,NUM_PKTS_256_TO_512_BYTES,0.1713413440564747,0.5539176755670632,0.5539176755670632,0.36262950981176895
IN_PKTS,DST_TO_SRC_SECOND_BYTES,0.3438076115736516,0.38071736186077804,0.38071736186077804,0.36226248671721484
L7_PROTO,MAX_TTL,0.36980160836960196,0.35298270690061323,0.35298270690061323,0.36139215763510757
L7_PROTO,MIN_TTL,0.3696259477449167,0.35301881997462653,0.35301881997462653,0.3613223838597716
FLOW_DURATION_MILLISECONDS,SRC_TO_DST_SECOND_BYTES,0.29475399114468204,0.4271459918870856,0.4271459918870856,0.3609499915158838
OUT_PKTS,SRC_TO_DST_AVG_THROUGHPUT,0.2606402378981669,0.45976759775473575,0.45976759775473575,0.36020391782645134
SERVER_TCP_FLAGS,MIN_IP_PKT_LEN,0.20927791314444644,0.5106957570138119,0.5106957570138119,0.35998683507912915
IN_PKTS,MAX_IP_PKT_LEN,0.2969390710983473,0.4196750687308186,0.4196750687308186,0.35830706991458294
IN_PKTS,LONGEST_FLOW_PKT,0.2969390710983473,0.4196750687308186,0.4196750687308186,0.35830706991458294
TCP_FLAGS,NUM_PKTS_256_TO_512_BYTES,0.1464615419656948,0.5660668265795289,0.5660668265795289,0.35626418427261186
LONGEST_FLOW_PKT,NUM_PKTS_256_TO_512_BYTES,0.13775812537198212,0.5743217476696885,0.5743217476696885,0.3560399365208353
MAX_IP_PKT_LEN,NUM_PKTS_256_TO_512_BYTES,0.13775812537198212,0.5743217476696885,0.5743217476696885,0.3560399365208353
DST_TO_SRC_SECOND_BYTES,NUM_PKTS_512_TO_1024_BYTES,0.1288214015797121,0.5805422489258146,0.5805422489258146,0.35468182525276337
L7_PROTO,DST_TO_SRC_AVG_THROUGHPUT,0.19530364717555043,-0.5096762449635839,0.5096762449635839,0.3524899460695672
CLIENT_TCP_FLAGS,NUM_PKTS_1024_TO_1514_BYTES,0.18195683528240927,0.5199084021960764,0.5199084021960764,0.3509326187392428
OUT_PKTS,DURATION_IN,0.1072859799960321,-0.5941009773737167,0.5941009773737167,0.3506934786848744
DST_TO_SRC_AVG_THROUGHPUT,DNS_QUERY_TYPE,0.32686522502029497,0.37283303020021896,0.37283303020021896,0.349849127610257
IN_PKTS,NUM_PKTS_512_TO_1024_BYTES,0.15197940166313892,0.5463062856009145,0.5463062856009145,0.34914284363202674
SHORTEST_FLOW_PKT,DNS_QUERY_TYPE,0.37040244844642894,0.3273360526496539,0.3273360526496539,0.3488692505480414
SERVER_TCP_FLAGS,SRC_TO_DST_AVG_THROUGHPUT,0.28889791699890977,0.4086443739883433,0.4086443739883433,0.34877114549362653
NUM_PKTS_512_TO_1024_BYTES,NUM_PKTS_1024_TO_1514_BYTES,0.11380243236968672,0.5829469691956201,0.5829469691956201,0.34837470078265337
IN_BYTES,NUM_PKTS_256_TO_512_BYTES,0.1353011582844928,0.5561808422698075,0.5561808422698075,0.34574100027715016
CLIENT_TCP_FLAGS,NUM_PKTS_512_TO_1024_BYTES,0.10953538343161051,0.5813324940193879,0.5813324940193879,0.3454339387254992
L7_PROTO,MIN_IP_PKT_LEN,0.1513238641585921,-0.5380623898921054,0.5380623898921054,0.34469312702534877
MIN_IP_PKT_LEN,SRC_TO_DST_AVG_THROUGHPUT,0.34880177513363814,0.3370384944572837,0.3370384944572837,0.3429201347954609
L7_PROTO,TCP_FLAGS,0.3301500622588072,-0.35254126459983876,0.35254126459983876,0.341345663429323
NUM_PKTS_UP_TO_128_BYTES,NUM_PKTS_1024_TO_1514_BYTES,0.16788734194009886,0.5112584098919019,0.5112584098919019,0.3395728759160004
DST_TO_SRC_AVG_THROUGHPUT,TCP_WIN_MAX_IN,0.2653542686547339,0.41156941405970565,0.41156941405970565,0.3384618413572198
TCP_FLAGS,NUM_PKTS_512_TO_1024_BYTES,0.1068925557629495,0.5685168546722168,0.5685168546722168,0.33770470521758317
MIN_IP_PKT_LEN,TCP_WIN_MAX_OUT,0.226451529619534,0.4487579806361179,0.4487579806361179,0.33760475512782595
TCP_FLAGS,NUM_PKTS_1024_TO_1514_BYTES,0.16539755358507643,0.5073149358383785,0.5073149358383785,0.3363562447117275
PROTOCOL,DNS_TTL_ANSWER,0.2029508433390253,0.46576760137964063,0.46576760137964063,0.33435922235933296
MAX_TTL,LONGEST_FLOW_PKT,0.37710539509047314,0.2905583324702068,0.2905583324702068,0.33383186378033997
MAX_TTL,MAX_IP_PKT_LEN,0.37710539509047314,0.2905583324702068,0.2905583324702068,0.33383186378033997
MIN_TTL,LONGEST_FLOW_PKT,0.3773288633394262,0.2903082304004657,0.2903082304004657,0.33381854686994594
MIN_TTL,MAX_IP_PKT_LEN,0.3773288633394262,0.2903082304004657,0.2903082304004657,0.33381854686994594
IN_BYTES,NUM_PKTS_1024_TO_1514_BYTES,0.14697179312015224,0.5175832979682791,0.5175832979682791,0.3322775455442156
NUM_PKTS_UP_TO_128_BYTES,NUM_PKTS_512_TO_1024_BYTES,0.12658983812877417,0.5359938229204263,0.5359938229204263,0.3312918305246002
FLOW_DURATION_MILLISECONDS,DST_TO_SRC_AVG_THROUGHPUT,0.17965947586734649,-0.48053946123717056,0.48053946123717056,0.3300994685522585
PROTOCOL,SHORTEST_FLOW_PKT,0.2377803612200898,-0.41777226249827504,0.41777226249827504,0.32777631185918243
NUM_PKTS_256_TO_512_BYTES,TCP_WIN_MAX_IN,0.13549913093751773,0.5195947983620934,0.5195947983620934,0.3275469646498056
MIN_IP_PKT_LEN,SRC_TO_DST_SECOND_BYTES,0.32057189779945594,-0.3320833913920282,0.3320833913920282,0.32632764459574204
DURATION_IN,MIN_TTL,0.3296407692026363,0.32229449969031315,0.32229449969031315,0.3259676344464747
DURATION_IN,MAX_TTL,0.3298960369781719,0.3217804611561426,0.3217804611561426,0.32583824906715725
PROTOCOL,NUM_PKTS_128_TO_256_BYTES,0.18675950235743943,-0.46491331463631197,0.46491331463631197,0.3258364084968757
NUM_PKTS_UP_TO_128_BYTES,TCP_WIN_MAX_IN,0.33564427571994265,0.3122483243160525,0.3122483243160525,0.32394630001799757
MIN_IP_PKT_LEN,NUM_PKTS_UP_TO_128_BYTES,0.14533342094846996,0.5022650838343728,0.5022650838343728,0.3237992523914214
MAX_IP_PKT_LEN,NUM_PKTS_512_TO_1024_BYTES,0.09671737693669424,0.5490715259977219,0.5490715259977219,0.3228944514672081
LONGEST_FLOW_PKT,NUM_PKTS_512_TO_1024_BYTES,0.09671737693669424,0.5490715259977219,0.5490715259977219,0.3228944514672081
L7_PROTO,DST_TO_SRC_SECOND_BYTES,0.18277383396738267,-0.4586574576032389,0.4586574576032389,0.32071564578531075
L7_PROTO,CLIENT_TCP_FLAGS,0.3231596682394349,-0.3179504889983716,0.3179504889983716,0.32055507861890326
L7_PROTO,OUT_BYTES,0.17676059308562744,-0.4631866654170544,0.4631866654170544,0.31997362925134093
FLOW_DURATION_MILLISECONDS,MIN_TTL,0.3142369663323919,0.3238007714842449,0.3238007714842449,0.31901886890831843
FLOW_DURATION_MILLISECONDS,MAX_TTL,0.3144299502305777,0.3234228422972537,0.3234228422972537,0.3189263962639157
DST_TO_SRC_AVG_THROUGHPUT,NUM_PKTS_256_TO_512_BYTES,0.10098804269046038,0.5343987520039437,0.5343987520039437,0.31769339734720203
IN_BYTES,MIN_IP_PKT_LEN,0.36327752343632147,0.2701205675298789,0.2701205675298789,0.3166990454831002
IN_BYTES,NUM_PKTS_512_TO_1024_BYTES,0.10589098602742857,0.5261525244727154,0.5261525244727154,0.316021755250072
DST_TO_SRC_AVG_THROUGHPUT,DNS_TTL_ANSWER,0.2619679030579306,0.36800977326516154,0.36800977326516154,0.3149888381615461
DURATION_OUT,TCP_WIN_MAX_OUT,0.18979379467483956,0.4389720095891972,0.4389720095891972,0.31438290213201836
DST_TO_SRC_SECOND_BYTES,DNS_QUERY_TYPE,0.3223879187939094,0.30519466866516376,0.30519466866516376,0.31379129372953657
OUT_BYTES,DNS_QUERY_TYPE,0.31839316044691246,0.30605299341124076,0.30605299341124076,0.3122230769290766
SRC_TO_DST_AVG_THROUGHPUT,TCP_WIN_MAX_OUT,0.23445895178981493,0.3893692813027379,0.3893692813027379,0.31191411654627643
SHORTEST_FLOW_PKT,SRC_TO_DST_SECOND_BYTES,0.4501072578640883,0.17365189908807524,0.17365189908807524,0.3118795784760818
DST_TO_SRC_AVG_THROUGHPUT,DNS_QUERY_ID,0.2488800420326121,0.3737700095189212,0.3737700095189212,0.31132502577576665
FLOW_DURATION_MILLISECONDS,DURATION_OUT,0.19998391483331077,0.41926288927609673,0.41926288927609673,0.30962340205470373
CLIENT_TCP_FLAGS,DNS_QUERY_TYPE,0.1662789784268065,-0.45105729719275023,0.45105729719275023,0.30866813780977836
CLIENT_TCP_FLAGS,NUM_PKTS_128_TO_256_BYTES,0.2101945373591716,0.40683244936209145,0.40683244936209145,0.3085134933606315
SHORTEST_FLOW_PKT,DNS_QUERY_ID,0.2886052181071527,0.32660111758707905,0.32660111758707905,0.30760316784711583
NUM_PKTS_1024_TO_1514_BYTES,TCP_WIN_MAX_IN,0.15900635577912445,0.45542098764610206,0.45542098764610206,0.30721367171261327
DST_TO_SRC_AVG_THROUGHPUT,NUM_PKTS_512_TO_1024_BYTES,0.0800435587677632,0.5315041622754633,0.5315041622754633,0.30577386052161326
NUM_PKTS_512_TO_1024_BYTES,TCP_WIN_MAX_IN,0.09880067211745269,0.5080233966818009,0.5080233966818009,0.3034120343996268
SERVER_TCP_FLAGS,MAX_TTL,0.28705012773644967,0.31853430063135063,0.31853430063135063,0.3027922141839001
SERVER_TCP_FLAGS,MIN_TTL,0.287166732999086,0.3176345729340708,0.3176345729340708,0.3024006529665784
TCP_FLAGS,DNS_QUERY_TYPE,0.15907278590628932,-0.4454537707072872,0.4454537707072872,0.30226327830678823
PROTOCOL,TCP_WIN_MAX_OUT,0.15817134643537273,-0.44622377531908264,0.44622377531908264,0.3021975608772277
TCP_FLAGS,NUM_PKTS_128_TO_256_BYTES,0.22552460653676917,0.37768858489513674,0.37768858489513674,0.30160659571595294
TCP_FLAGS,SHORTEST_FLOW_PKT,0.44491478500997544,0.15020337837576497,0.15020337837576497,0.2975590816928702
SRC_TO_DST_SECOND_BYTES,DNS_QUERY_TYPE,0.26876965650553375,-0.32603592077606913,0.32603592077606913,0.29740278864080144
DURATION_OUT,TCP_WIN_MAX_IN,0.1954153090362818,0.39728467736384443,0.39728467736384443,0.2963499932000631
CLIENT_TCP_FLAGS,DNS_QUERY_ID,0.14008199467582172,-0.4503859817345042,0.4503859817345042,0.295233988205163
L7_PROTO,OUT_PKTS,0.13256354089992015,-0.4541310562769329,0.4541310562769329,0.2933472985884265
CLIENT_TCP_FLAGS,SHORTEST_FLOW_PKT,0.36053312380200836,0.2196278122287916,0.2196278122287916,0.2900804680154
SRC_TO_DST_AVG_THROUGHPUT,NUM_PKTS_1024_TO_1514_BYTES,0.12823078412357938,0.4518276257518569,0.4518276257518569,0.29002920493771817
SRC_TO_DST_SECOND_BYTES,DST_TO_SRC_SECOND_BYTES,0.38746291114349346,-0.19141802556232582,0.19141802556232582,0.28944046835290965
TCP_FLAGS,DNS_QUERY_ID,0.13401078860759086,-0.44479079506301555,0.44479079506301555,0.2894007918353032
L7_PROTO,DNS_QUERY_TYPE,0.15307400486730285,-0.42545766686956604,0.42545766686956604,0.28926583586843446
MAX_TTL,SRC_TO_DST_AVG_THROUGHPUT,0.3629744679504768,0.2147412353096394,0.2147412353096394,0.28885785163005806
MIN_TTL,SRC_TO_DST_AVG_THROUGHPUT,0.36289585838273264,0.21425443485642068,0.21425443485642068,0.2885751466195767
MAX_TTL,NUM_PKTS_UP_TO_128_BYTES,0.21010109180064993,0.3646937613510504,0.3646937613510504,0.28739742657585016
MIN_TTL,NUM_PKTS_UP_TO_128_BYTES,0.21032974034103266,0.36404140874872215,0.36404140874872215,0.2871855745448774
OUT_PKTS,DURATION_OUT,0.19469326540626464,0.3783461093262883,0.3783461093262883,0.2865196873662765
L7_PROTO,TCP_WIN_MAX_IN,0.21670588068046273,-0.35549251130233317,0.35549251130233317,0.28609919599139794
OUT_BYTES,SRC_TO_DST_SECOND_BYTES,0.37163881623197315,-0.19987700122097302,0.19987700122097302,0.2857579087264731
SRC_TO_DST_SECOND_BYTES,DST_TO_SRC_AVG_THROUGHPUT,0.33736185038664485,-0.23295519947718255,0.23295519947718255,0.2851585249319137
OUT_PKTS,RETRANSMITTED_OUT_BYTES,0.22549494491026542,0.34425596531521313,0.34425596531521313,0.28487545511273926
SERVER_TCP_FLAGS,DURATION_OUT,0.19236284797565778,0.37243523243183735,0.37243523243183735,0.28239904020374756
OUT_PKTS,RETRANSMITTED_OUT_PKTS,0.2197560507903873,0.3443499069578361,0.3443499069578361,0.28205297887411174
SRC_TO_DST_SECOND_BYTES,NUM_PKTS_UP_TO_128_BYTES,0.4357391612614165,-0.1281097191392978,0.1281097191392978,0.2819244402003571
CLIENT_TCP_FLAGS,MAX_TTL,0.250809479055833,0.3108789276223004,0.3108789276223004,0.2808442033390667
CLIENT_TCP_FLAGS,MIN_TTL,0.25086471572425145,0.30995060181438383,0.30995060181438383,0.2804076587693176
DST_TO_SRC_SECOND_BYTES,DNS_QUERY_ID,0.25259555984960586,0.30612739817428763,0.30612739817428763,0.27936147901194675
OUT_BYTES,DNS_QUERY_ID,0.24885755005957177,0.3070152865258008,0.3070152865258008,0.2779364182926863
MAX_TTL,TCP_WIN_MAX_IN,0.39458075551891275,0.16065470391424042,0.16065470391424042,0.2776177297165766
SHORTEST_FLOW_PKT,TCP_WIN_MAX_IN,0.3710752427247391,0.18320521553120925,0.18320521553120925,0.27714022912797415
MIN_TTL,TCP_WIN_MAX_IN,0.3943149397961538,0.15965402010481236,0.15965402010481236,0.2769844799504831
L7_PROTO,DNS_QUERY_ID,0.12875481765477276,-0.4251440206098952,0.4251440206098952,0.27694941913233395
SHORTEST_FLOW_PKT,DNS_TTL_ANSWER,0.25190928194064577,0.3010318926115294,0.3010318926115294,0.2764705872760876
DST_TO_SRC_SECOND_BYTES,DNS_TTL_ANSWER,0.24574855687365307,0.3046265113374046,0.3046265113374046,0.2751875341055288
OUT_BYTES,DNS_TTL_ANSWER,0.24250007261501155,0.30636810200335274,0.30636810200335274,0.2744340873091822
LONGEST_FLOW_PKT,NUM_PKTS_UP_TO_128_BYTES,0.4000753706578153,0.14809535848358046,0.14809535848358046,0.2740853645706979
MAX_IP_PKT_LEN,NUM_PKTS_UP_TO_128_BYTES,0.4000753706578153,0.14809535848358046,0.14809535848358046,0.2740853645706979
IN_PKTS,SRC_TO_DST_AVG_THROUGHPUT,0.2664304778613412,0.28063248515574096,0.28063248515574096,0.2735314815085411
DURATION_IN,SRC_TO_DST_AVG_THROUGHPUT,0.2971907829681532,-0.24915967335899725,0.24915967335899725,0.2731752281635752
IN_PKTS,DST_TO_SRC_AVG_THROUGHPUT,0.25462251277815423,0.29097387271453296,0.29097387271453296,0.2727981927463436
CLIENT_TCP_FLAGS,DNS_TTL_ANSWER,0.12838650916527702,-0.4140173588649373,0.4140173588649373,0.27120193401510717
FLOW_DURATION_MILLISECONDS,MIN_IP_PKT_LEN,0.12224314734459006,-0.4194257158315224,0.4194257158315224,0.2708344315880562
TCP_FLAGS,MIN_IP_PKT_LEN,0.2872328268970292,0.25369900550873614,0.25369900550873614,0.2704659162028827
DURATION_OUT,DST_TO_SRC_SECOND_BYTES,0.15672806241906947,0.3824199186891806,0.3824199186891806,0.26957399055412506
SRC_TO_DST_SECOND_BYTES,DNS_QUERY_ID,0.2123713966480382,-0.3254914441848746,0.3254914441848746,0.2689314204164564
TCP_FLAGS,MAX_TTL,0.270196963379202,0.26698933327432867,0.26698933327432867,0.26859314832676534
TCP_FLAGS,MIN_TTL,0.2705318603139611,0.26607073532872416,0.26607073532872416,0.2683012978213426
MIN_TTL,NUM_PKTS_128_TO_256_BYTES,0.1580878036943676,0.37799133172900007,0.37799133172900007,0.2680395677116838
MAX_TTL,NUM_PKTS_128_TO_256_BYTES,0.15795432468304174,0.37804329590281005,0.37804329590281005,0.2679988102929259
RETRANSMITTED_OUT_BYTES,NUM_PKTS_1024_TO_1514_BYTES,0.1791377942268321,0.3568248667481558,0.3568248667481558,0.26798133048749395
FLOW_DURATION_MILLISECONDS,LONGEST_FLOW_PKT,0.27213171437202965,-0.26378874072453445,0.26378874072453445,0.2679602275482821
FLOW_DURATION_MILLISECONDS,MAX_IP_PKT_LEN,0.27213171437202965,-0.26378874072453445,0.26378874072453445,0.2679602275482821
IN_PKTS,DNS_QUERY_TYPE,0.07719682576144843,-0.457413832533263,0.457413832533263,0.2673053291473557
DURATION_IN,NUM_PKTS_UP_TO_128_BYTES,0.12682039225228092,-0.4068381774000319,0.4068381774000319,0.2668292848261564
SERVER_TCP_FLAGS,DURATION_IN,0.1278214829251409,-0.4042748552973343,0.4042748552973343,0.26604816911123763
TCP_FLAGS,DNS_TTL_ANSWER,0.12282155752225278,-0.4088739829562005,0.4088739829562005,0.2658477702392266
TCP_WIN_MAX_IN,DNS_QUERY_TYPE,0.08985229717953987,-0.4413450228693215,0.4413450228693215,0.26559866002443067
RETRANSMITTED_OUT_PKTS,NUM_PKTS_1024_TO_1514_BYTES,0.17235032068318337,0.35525444941962797,0.35525444941962797,0.2638023850514057
CLIENT_TCP_FLAGS,SRC_TO_DST_SECOND_BYTES,0.4488530444560454,0.0776249379850433,0.0776249379850433,0.26323899122054434
DURATION_IN,TCP_WIN_MAX_IN,0.1945336642185693,-0.33025201861992903,0.33025201861992903,0.2623928414192492
CLIENT_TCP_FLAGS,DURATION_OUT,0.17589915376786225,0.3461341384861027,0.3461341384861027,0.2610166461269825
IN_PKTS,DNS_QUERY_ID,0.06532910026183066,-0.4558432639772868,0.4558432639772868,0.26058618211955875
OUT_BYTES,FLOW_DURATION_MILLISECONDS,0.16410433827575752,-0.35347666519074256,0.35347666519074256,0.25879050173325
TCP_WIN_MAX_IN,DNS_QUERY_ID,0.07603111446761637,-0.44068816233715385,0.44068816233715385,0.25835963840238513
IN_PKTS,RETRANSMITTED_IN_BYTES,0.21946208209969162,0.29546462762421694,0.29546462762421694,0.25746335486195426
FLOW_DURATION_MILLISECONDS,DST_TO_SRC_SECOND_BYTES,0.1686364423281313,-0.3442403073907041,0.3442403073907041,0.2564383748594177
IN_BYTES,RETRANSMITTED_IN_BYTES,0.1325278086967904,0.3795871757672548,0.3795871757672548,0.2560574922320226
IN_PKTS,RETRANSMITTED_IN_PKTS,0.21482985750535663,0.2951028436812901,0.2951028436812901,0.25496635059332334
RETRANSMITTED_OUT_PKTS,FTP_COMMAND_RET_CODE,0.193647079743737,0.31606656874947836,0.31606656874947836,0.25485682424660766
OUT_PKTS,SRC_TO_DST_SECOND_BYTES,0.3140456216517344,-0.19460408987117006,0.19460408987117006,0.25432485576145225
L7_PROTO,IN_BYTES,0.42230082178534495,-0.08490024193641636,0.08490024193641636,0.25360053186088066
DURATION_IN,MAX_IP_PKT_LEN,0.2785912014836708,-0.2279271360158161,0.2279271360158161,0.2532591687497434
DURATION_IN,LONGEST_FLOW_PKT,0.2785912014836708,-0.2279271360158161,0.2279271360158161,0.2532591687497434
IN_BYTES,ICMP_IPV4_TYPE,0.13052755207571018,0.3729429967676514,0.3729429967676514,0.2517352744216808
IN_BYTES,ICMP_TYPE,0.13052755207571018,0.37294298899742084,0.37294298899742084,0.2517352705365655
OUT_BYTES,DURATION_OUT,0.13980556159902094,0.361714355981846,0.361714355981846,0.25075995879043345
FLOW_DURATION_MILLISECONDS,DNS_QUERY_TYPE,0.11099947835740268,-0.38864110498128823,0.38864110498128823,0.24982029166934544
MAX_TTL,DNS_QUERY_TYPE,0.1818414838432352,-0.31608695289906835,0.31608695289906835,0.2489642183711518
MIN_TTL,DNS_QUERY_TYPE,0.1818830105771872,-0.31542064623654986,0.31542064623654986,0.24865182840686853
IN_BYTES,RETRANSMITTED_IN_PKTS,0.11800336985057087,0.3789711637225667,0.3789711637225667,0.24848726678656877
TCP_FLAGS,DURATION_OUT,0.18153985769888112,0.31497292854591485,0.31497292854591485,0.248256393122398
L7_PROTO,DNS_TTL_ANSWER,0.1105782393456311,-0.38150551743653993,0.38150551743653993,0.24604187839108552
IN_PKTS,RETRANSMITTED_OUT_BYTES,0.17511843926834905,0.3158527272204555,0.3158527272204555,0.24548558324440228
DURATION_IN,DNS_QUERY_TYPE,0.10552143319961706,-0.3836305112698734,0.3836305112698734,0.24457597223474523
RETRANSMITTED_OUT_PKTS,TCP_WIN_MAX_OUT,0.17808392073406812,0.31102202382585126,0.31102202382585126,0.2445529722799597
SRC_TO_DST_SECOND_BYTES,DNS_TTL_ANSWER,0.1883414727978068,-0.298397084707498,0.298397084707498,0.2433692787526524
DURATION_OUT,NUM_PKTS_UP_TO_128_BYTES,0.13393626467908443,0.35211911969106463,0.35211911969106463,0.24302769218507453
CLIENT_TCP_FLAGS,MIN_IP_PKT_LEN,0.2844739135767704,0.20112104503963674,0.20112104503963674,0.24279747930820356
MAX_TTL,NUM_PKTS_512_TO_1024_BYTES,0.08297820197353832,0.4021873916765401,0.4021873916765401,0.24258279682503922
MIN_TTL,NUM_PKTS_512_TO_1024_BYTES,0.08233290490280445,0.4020638955516598,0.4020638955516598,0.2421984002272321
IN_PKTS,RETRANSMITTED_OUT_PKTS,0.16815906046114715,0.3159389345103898,0.3159389345103898,0.24204899748576847
RETRANSMITTED_OUT_BYTES,TCP_WIN_MAX_OUT,0.17257584651843952,0.311036312945951,0.311036312945951,0.24180607973219526
OUT_BYTES,RETRANSMITTED_OUT_BYTES,0.1524087825967696,0.33027257216708167,0.33027257216708167,0.24134067738192563
FLOW_DURATION_MILLISECONDS,DNS_QUERY_ID,0.09329778596371793,-0.3882087000774143,0.3882087000774143,0.2407532430205661
IN_PKTS,NUM_PKTS_128_TO_256_BYTES,0.16059038513628426,0.32020512245865673,0.32020512245865673,0.2403977537974705
DST_TO_SRC_SECOND_BYTES,RETRANSMITTED_OUT_BYTES,0.15181720559104725,0.3272670047180959,0.3272670047180959,0.23954210515457158
IN_PKTS,DNS_TTL_ANSWER,0.06084932815799168,-0.4174306926865157,0.4174306926865157,0.2391400104222537
NUM_PKTS_UP_TO_128_BYTES,NUM_PKTS_128_TO_256_BYTES,0.18634443162260264,-0.2917555198403764,0.2917555198403764,0.2390499757314895
SRC_TO_DST_SECOND_BYTES,TCP_WIN_MAX_IN,0.4113686502443913,-0.06592774891360384,0.06592774891360384,0.23864819957899758
DURATION_OUT,NUM_PKTS_256_TO_512_BYTES,0.1148006736658722,0.36138439885358764,0.36138439885358764,0.23809253625972993
TCP_WIN_MAX_IN,DNS_TTL_ANSWER,0.0703320976925054,-0.405102637411624,0.405102637411624,0.23771736755206468
RETRANSMITTED_OUT_BYTES,NUM_PKTS_256_TO_512_BYTES,0.18332153247330496,0.2897770866398684,0.2897770866398684,0.23654930955658668
DURATION_IN,DNS_QUERY_ID,0.08902050964924504,-0.38307603206504504,0.38307603206504504,0.23604827085714503
RETRANSMITTED_OUT_BYTES,NUM_PKTS_UP_TO_128_BYTES,0.15097781907084265,0.3164489856315476,0.3164489856315476,0.23371340235119514
OUT_BYTES,RETRANSMITTED_OUT_PKTS,0.13663128801502153,0.3301072028750995,0.3301072028750995,0.2333692454450605
DST_TO_SRC_SECOND_BYTES,RETRANSMITTED_OUT_PKTS,0.13957581970108793,0.3271101566460008,0.3271101566460008,0.23334298817354437
MAX_TTL,DNS_QUERY_ID,0.15111853321063787,-0.3153609778236396,0.3153609778236396,0.2332397555171387
RETRANSMITTED_OUT_PKTS,NUM_PKTS_UP_TO_128_BYTES,0.14947091068485482,0.31657740815781565,0.31657740815781565,0.23302415942133525
MIN_TTL,DNS_QUERY_ID,0.15115184550584493,-0.3146724573147824,0.3146724573147824,0.23291215141031366
SERVER_TCP_FLAGS,RETRANSMITTED_OUT_PKTS,0.1438188873887361,0.3135218906891317,0.3135218906891317,0.2286703890389339
SERVER_TCP_FLAGS,RETRANSMITTED_OUT_BYTES,0.14326540634813872,0.3136606662774793,0.3136606662774793,0.228463036312809
TCP_FLAGS,SRC_TO_DST_SECOND_BYTES,0.4310102336531081,0.025699270909164653,0.025699270909164653,0.22835475228113636
RETRANSMITTED_OUT_PKTS,NUM_PKTS_256_TO_512_BYTES,0.16468663853305082,0.2888306007521399,0.2888306007521399,0.22675861964259536
MAX_TTL,DST_TO_SRC_SECOND_BYTES,0.2676992969643967,0.18561607912981243,0.18561607912981243,0.22665768804710457
MIN_TTL,DST_TO_SRC_SECOND_BYTES,0.267702205281452,0.1850332467039194,0.1850332467039194,0.2263677259926857
IN_PKTS,DURATION_OUT,0.11986284793672367,0.33218790074613463,0.33218790074613463,0.22602537434142916
SRC_TO_DST_SECOND_BYTES,ICMP_TYPE,0.11931690931421801,0.32580247683225694,0.32580247683225694,0.22255969307323747
SRC_TO_DST_SECOND_BYTES,ICMP_IPV4_TYPE,0.11931690931421801,0.3258024608242539,0.3258024608242539,0.22255968506923596
MIN_IP_PKT_LEN,TCP_WIN_MAX_IN,0.2343660957615465,0.2103081417939266,0.2103081417939266,0.22233711877773654
FLOW_DURATION_MILLISECONDS,DNS_TTL_ANSWER,0.08625573407060208,-0.3579701685316177,0.3579701685316177,0.22211295130110992
OUT_PKTS,FLOW_DURATION_MILLISECONDS,0.1101778483683863,-0.33311900831746843,0.33311900831746843,0.22164842834292736
RETRANSMITTED_OUT_PKTS,ICMP_IPV4_TYPE,0.06989506452341167,0.37324669935619037,0.37324669935619037,0.221570881939801
RETRANSMITTED_OUT_PKTS,ICMP_TYPE,0.06989506452341167,0.3732466188650963,0.3732466188650963,0.22157084169425398
MAX_TTL,NUM_PKTS_256_TO_512_BYTES,0.06411907422513902,0.37596689146276424,0.37596689146276424,0.22004298284395163
SRC_TO_DST_AVG_THROUGHPUT,NUM_PKTS_256_TO_512_BYTES,0.0762121826053427,0.3637968618131544,0.3637968618131544,0.22000452220924854
MIN_TTL,NUM_PKTS_256_TO_512_BYTES,0.06369281766504177,0.3757081992243932,0.3757081992243932,0.21970050844471747
RETRANSMITTED_OUT_BYTES,ICMP_IPV4_TYPE,0.06723645453583005,0.3721496777429099,0.3721496777429099,0.21969306613936998
RETRANSMITTED_OUT_BYTES,ICMP_TYPE,0.06723645453583005,0.3721495964166219,0.3721495964166219,0.21969302547622596
L7_PROTO,SERVER_TCP_FLAGS,0.18514464536541747,-0.2530651116124249,0.2530651116124249,0.21910487848892118
OUT_BYTES,MAX_TTL,0.2526406736419701,0.18431136853801514,0.18431136853801514,0.21847602108999264
TCP_FLAGS,DURATION_IN,0.15436280547492415,-0.28207252156466894,0.28207252156466894,0.21821766351979655
OUT_BYTES,MIN_TTL,0.25262082714999284,0.18374572493050087,0.18374572493050087,0.21818327604024684
DURATION_IN,TCP_WIN_MAX_OUT,0.10917874749786427,-0.32604062786868393,0.32604062786868393,0.2176096876832741
NUM_PKTS_128_TO_256_BYTES,ICMP_IPV4_TYPE,0.13297303944083816,0.30185693638981786,0.30185693638981786,0.217414987915328
NUM_PKTS_128_TO_256_BYTES,ICMP_TYPE,0.13297303944083816,0.3018569129910132,0.3018569129910132,0.21741497621592568
DURATION_IN,DNS_TTL_ANSWER,0.08227373802919276,-0.3523297845298163,0.3523297845298163,0.2173017612795045
OUT_PKTS,MAX_TTL,0.24629891310866442,0.18777904116453098,0.18777904116453098,0.2170389771365977
OUT_PKTS,MIN_TTL,0.2463252315449277,0.18714565544304185,0.18714565544304185,0.21673544349398477
PROTOCOL,SRC_TO_DST_SECOND_BYTES,0.332862626859279,-0.09974650222657347,0.09974650222657347,0.21630456454292624
MAX_TTL,DST_TO_SRC_AVG_THROUGHPUT,0.2833431385390503,0.14710266496735863,0.14710266496735863,0.21522290175320447
MIN_TTL,DST_TO_SRC_AVG_THROUGHPUT,0.28333168331815595,0.14652441810033598,0.14652441810033598,0.21492805070924598
FLOW_DURATION_MILLISECONDS,SHORTEST_FLOW_PKT,0.17679155752211625,-0.2500452961640935,0.2500452961640935,0.21341842684310486
MAX_IP_PKT_LEN,ICMP_IPV4_TYPE,0.12802488821251326,0.298251717521215,0.298251717521215,0.21313830286686414
LONGEST_FLOW_PKT,ICMP_IPV4_TYPE,0.12802488821251326,0.298251717521215,0.298251717521215,0.21313830286686414
MAX_IP_PKT_LEN,ICMP_TYPE,0.12802488821251326,0.2982517109266557,0.2982517109266557,0.21313829956958447
LONGEST_FLOW_PKT,ICMP_TYPE,0.12802488821251326,0.2982517109266557,0.2982517109266557,0.21313829956958447
RETRANSMITTED_OUT_BYTES,FTP_COMMAND_RET_CODE,0.11354067207027593,0.3098614871800167,0.3098614871800167,0.21170107962514634
SRC_TO_DST_AVG_THROUGHPUT,NUM_PKTS_512_TO_1024_BYTES,0.059656546125548576,0.3518117986414647,0.3518117986414647,0.20573417238350666
RETRANSMITTED_OUT_PKTS,TCP_WIN_MAX_IN,0.140820208765909,0.2700691701222217,0.2700691701222217,0.20544468944406535
SRC_TO_DST_SECOND_BYTES,RETRANSMITTED_IN_BYTES,0.08823571163075244,0.3221091029506083,0.3221091029506083,0.20517240729068037
MAX_TTL,DNS_TTL_ANSWER,0.14375364717628064,-0.26579557924797786,0.26579557924797786,0.20477461321212925
MIN_TTL,DNS_TTL_ANSWER,0.14377807040788912,-0.26504101790339885,0.26504101790339885,0.204409544155644
LONGEST_FLOW_PKT,RETRANSMITTED_IN_BYTES,0.10189515360451532,0.3059079918410431,0.3059079918410431,0.2039015727227792
MAX_IP_PKT_LEN,RETRANSMITTED_IN_BYTES,0.10189515360451532,0.3059079918410431,0.3059079918410431,0.2039015727227792
MAX_TTL,SHORTEST_FLOW_PKT,0.22908690880605587,-0.1775519809754495,0.1775519809754495,0.20331944489075268
MAX_IP_PKT_LEN,RETRANSMITTED_IN_PKTS,0.10164782354273111,0.3049629912370597,0.3049629912370597,0.20330540738989542
LONGEST_FLOW_PKT,RETRANSMITTED_IN_PKTS,0.10164782354273111,0.3049629912370597,0.3049629912370597,0.20330540738989542
MIN_TTL,SHORTEST_FLOW_PKT,0.2289546832460669,-0.1772941044959024,0.1772941044959024,0.20312439387098466
IN_BYTES,DURATION_IN,0.2767553449048986,0.12935547047031276,0.12935547047031276,0.2030554076876057
RETRANSMITTED_OUT_BYTES,TCP_WIN_MAX_IN,0.13603469775427224,0.27002148374191143,0.27002148374191143,0.20302809074809183
IN_BYTES,DNS_QUERY_TYPE,0.27388909579631804,-0.13208696336837156,0.13208696336837156,0.2029880295823448
PROTOCOL,OUT_PKTS,0.1346790806945001,-0.2694208500073818,0.2694208500073818,0.20204996535094094
SERVER_TCP_FLAGS,SHORTEST_FLOW_PKT,0.24645504356644987,-0.15570523058184102,0.15570523058184102,0.20108013707414546
SRC_TO_DST_SECOND_BYTES,RETRANSMITTED_IN_PKTS,0.07976551341117806,0.3213622798805945,0.3213622798805945,0.20056389664588628
SRC_TO_DST_AVG_THROUGHPUT,NUM_PKTS_UP_TO_128_BYTES,0.3325562496004462,0.0676107454029844,0.0676107454029844,0.2000834975017153
IN_BYTES,RETRANSMITTED_OUT_BYTES,0.10487577008269632,0.2936261654626007,0.2936261654626007,0.1992509677726485
CLIENT_TCP_FLAGS,RETRANSMITTED_OUT_PKTS,0.13552519232770158,0.2616416544846929,0.2616416544846929,0.19858342340619722
CLIENT_TCP_FLAGS,RETRANSMITTED_IN_BYTES,0.13516223748626296,0.26052723862752636,0.26052723862752636,0.19784473805689468
CLIENT_TCP_FLAGS,RETRANSMITTED_OUT_BYTES,0.13330094655417934,0.2617693226038576,0.2617693226038576,0.19753513457901847
DURATION_IN,NUM_PKTS_128_TO_256_BYTES,0.13021043865331644,0.2641920569998947,0.2641920569998947,0.19720124782660556
L7_PROTO,NUM_PKTS_128_TO_256_BYTES,0.213820411967265,-0.17914398594502004,0.17914398594502004,0.19648219895614252
TCP_FLAGS,RETRANSMITTED_OUT_PKTS,0.1357708521741668,0.256310889482218,0.256310889482218,0.19604087082819238
IN_BYTES,RETRANSMITTED_OUT_PKTS,0.09838503213477101,0.29363974185776565,0.29363974185776565,0.19601238699626833
TCP_FLAGS,RETRANSMITTED_OUT_BYTES,0.13555544452244472,0.2564233193838683,0.2564233193838683,0.19598938195315652
CLIENT_TCP_FLAGS,RETRANSMITTED_IN_PKTS,0.1309085923534987,0.2604532508934808,0.2604532508934808,0.19568092162348977
RETRANSMITTED_OUT_BYTES,DST_TO_SRC_AVG_THROUGHPUT,0.09664949597630737,0.2933912548240277,0.2933912548240277,0.19502037540016753
L7_PROTO,IN_PKTS,0.1109104752936828,0.27880888337938636,0.27880888337938636,0.19485967933653459
CLIENT_TCP_FLAGS,DURATION_IN,0.14670300478267959,-0.24177140194250177,0.24177140194250177,0.19423720336259068
RETRANSMITTED_OUT_PKTS,DST_TO_SRC_AVG_THROUGHPUT,0.09474653922260914,0.29334418033245435,0.29334418033245435,0.19404535977753173
FLOW_DURATION_MILLISECONDS,TCP_WIN_MAX_IN,0.19128012854376175,-0.19608336636594326,0.19608336636594326,0.1936817474548525
MAX_TTL,NUM_PKTS_1024_TO_1514_BYTES,0.06560796426384875,0.32149081364884813,0.32149081364884813,0.19354938895634843
MIN_TTL,NUM_PKTS_1024_TO_1514_BYTES,0.06558271181688076,0.3209807054088229,0.3209807054088229,0.19328170861285182
IN_PKTS,ICMP_IPV4_TYPE,0.10033578596088193,0.2843818182294138,0.2843818182294138,0.19235880209514786
IN_PKTS,ICMP_TYPE,0.10033578596088193,0.2843817840101092,0.2843817840101092,0.19235878498549558
SERVER_TCP_FLAGS,SRC_TO_DST_SECOND_BYTES,0.31602565748107936,-0.06433437446259896,0.06433437446259896,0.19018001597183914
PROTOCOL,NUM_PKTS_UP_TO_128_BYTES,0.2878896684094393,0.09206074621621235,0.09206074621621235,0.18997520731282583
MAX_IP_PKT_LEN,DNS_QUERY_TYPE,0.2927177594387026,0.08670528670670229,0.08670528670670229,0.18971152307270245
LONGEST_FLOW_PKT,DNS_QUERY_TYPE,0.2927177594387026,0.08670528670670229,0.08670528670670229,0.18971152307270245
DURATION_OUT,NUM_PKTS_512_TO_1024_BYTES,0.07877597908979268,0.2975208875926519,0.2975208875926519,0.18814843334122228
PROTOCOL,ICMP_TYPE,0.09681878038680355,-0.2775022036957265,0.2775022036957265,0.187160492041265
PROTOCOL,ICMP_IPV4_TYPE,0.09681878038680355,-0.2775021778071497,0.2775021778071497,0.18716047909697664
RETRANSMITTED_IN_PKTS,NUM_PKTS_1024_TO_1514_BYTES,0.18864792836750346,0.18528112685967696,0.18528112685967696,0.18696452761359023
SRC_TO_DST_AVG_THROUGHPUT,ICMP_TYPE,0.10192608563154928,0.27036673022830127,0.27036673022830127,0.18614640792992526
SRC_TO_DST_AVG_THROUGHPUT,ICMP_IPV4_TYPE,0.10192608563154928,0.27036671532162304,0.27036671532162304,0.18614640047658615
CLIENT_TCP_FLAGS,ICMP_IPV4_TYPE,0.12121326794025188,0.2510350170619468,0.2510350170619468,0.18612414250109935
CLIENT_TCP_FLAGS,ICMP_TYPE,0.12121326794025188,0.25103493544866207,0.25103493544866207,0.18612410169445698
RETRANSMITTED_IN_PKTS,SRC_TO_DST_AVG_THROUGHPUT,0.09161656683392239,0.2780899217151593,0.2780899217151593,0.18485324427454083
PROTOCOL,IN_PKTS,0.10646723581638186,-0.26308507558116884,0.26308507558116884,0.18477615569877534
RETRANSMITTED_IN_BYTES,NUM_PKTS_1024_TO_1514_BYTES,0.18336084242690384,0.18604913607172616,0.18604913607172616,0.184704989249315
IN_PKTS,FLOW_DURATION_MILLISECONDS,0.1018209424004343,0.2651232356242215,0.2651232356242215,0.18347208901232792
IN_BYTES,DURATION_OUT,0.0904694191304857,0.2761460751231617,0.2761460751231617,0.18330774712682368
RETRANSMITTED_IN_BYTES,SRC_TO_DST_AVG_THROUGHPUT,0.09031342705579896,0.2762430396454577,0.2762430396454577,0.18327823335062834
MIN_IP_PKT_LEN,NUM_PKTS_256_TO_512_BYTES,0.05936062561258248,0.30659499373944943,0.30659499373944943,0.18297780967601596
TCP_FLAGS,RETRANSMITTED_IN_BYTES,0.12764979110659566,0.23642886059004511,0.23642886059004511,0.1820393258483204
RETRANSMITTED_IN_BYTES,NUM_PKTS_256_TO_512_BYTES,0.19439951389643464,0.16726518341715227,0.16726518341715227,0.18083234865679346
TCP_FLAGS,RETRANSMITTED_IN_PKTS,0.12386458190500013,0.23640688535556334,0.23640688535556334,0.18013573363028174
DURATION_OUT,LONGEST_FLOW_PKT,0.13027250285424416,0.229725498774065,0.229725498774065,0.1799990008141546
DURATION_OUT,MAX_IP_PKT_LEN,0.13027250285424416,0.229725498774065,0.229725498774065,0.1799990008141546
MIN_IP_PKT_LEN,RETRANSMITTED_OUT_PKTS,0.15245458321907662,0.20611549295160175,0.20611549295160175,0.1792850380853392
DURATION_OUT,MIN_IP_PKT_LEN,0.11031648611570061,0.24660589264360347,0.24660589264360347,0.17846118937965205
PROTOCOL,NUM_PKTS_256_TO_512_BYTES,0.05634873383510599,-0.299553544879135,0.299553544879135,0.17795113935712048
SHORTEST_FLOW_PKT,ICMP_TYPE,0.10364799017804409,0.25194216439792705,0.25194216439792705,0.17779507728798558
SHORTEST_FLOW_PKT,ICMP_IPV4_TYPE,0.10364799017804409,0.2519421309609539,0.2519421309609539,0.177795060569499
OUT_PKTS,RETRANSMITTED_IN_BYTES,0.23379836403213297,0.12071757312568465,0.12071757312568465,0.1772579685789088
SHORTEST_FLOW_PKT,DST_TO_SRC_SECOND_BYTES,0.28561675939760905,0.06655382074731052,0.06655382074731052,0.1760852900724598
MIN_IP_PKT_LEN,RETRANSMITTED_OUT_BYTES,0.1454495519174465,0.20601393771040952,0.20601393771040952,0.175731744813928
OUT_PKTS,RETRANSMITTED_IN_PKTS,0.23063256818226643,0.12013319267099123,0.12013319267099123,0.17538288042662883
PROTOCOL,DST_TO_SRC_SECOND_BYTES,0.13925510297093713,-0.21147067710832013,0.21147067710832013,0.17536289003962863
TCP_FLAGS,FLOW_DURATION_MILLISECONDS,0.1648980369590669,-0.18309892694388424,0.18309892694388424,0.17399848195147558
TCP_FLAGS,ICMP_IPV4_TYPE,0.12061119159296896,0.2268359806170947,0.2268359806170947,0.17372358610503183
TCP_FLAGS,ICMP_TYPE,0.12061119159296896,0.22683590044866664,0.22683590044866664,0.1737235460208178
SERVER_TCP_FLAGS,DNS_QUERY_TYPE,0.07519997041471815,-0.2717555758308503,0.2717555758308503,0.17347777312278423
MIN_IP_PKT_LEN,NUM_PKTS_1024_TO_1514_BYTES,0.07346557713747018,0.27327559624152037,0.27327559624152037,0.1733705866894953
OUT_BYTES,SHORTEST_FLOW_PKT,0.2811512919464206,0.06523008241945781,0.06523008241945781,0.1731906871829392
LONGEST_FLOW_PKT,RETRANSMITTED_OUT_BYTES,0.09872139185131398,0.24730844177276143,0.24730844177276143,0.1730149168120377
MAX_IP_PKT_LEN,RETRANSMITTED_OUT_BYTES,0.09872139185131398,0.24730844177276143,0.24730844177276143,0.1730149168120377
NUM_PKTS_128_TO_256_BYTES,TCP_WIN_MAX_IN,0.10993081307292893,0.2346183424984194,0.2346183424984194,0.17227457778567418
PROTOCOL,OUT_BYTES,0.13377697434122532,-0.21067700080494392,0.21067700080494392,0.17222698757308463
IN_BYTES,DNS_QUERY_ID,0.21214769585702292,-0.13178725335076116,0.13178725335076116,0.17196747460389206
PROTOCOL,NUM_PKTS_512_TO_1024_BYTES,0.04474637262236254,-0.298995866414409,0.298995866414409,0.17187111951838577
SRC_TO_DST_AVG_THROUGHPUT,DNS_QUERY_TYPE,0.2655140848794446,0.07755002803010339,0.07755002803010339,0.17153205645477398
PROTOCOL,NUM_PKTS_1024_TO_1514_BYTES,0.06866858390738588,-0.2733288999859759,0.2733288999859759,0.1709987419466809
RETRANSMITTED_IN_PKTS,FTP_COMMAND_RET_CODE,0.1556755127702425,0.18503637150952937,0.18503637150952937,0.17035594213988592
LONGEST_FLOW_PKT,RETRANSMITTED_OUT_PKTS,0.09328836065621475,0.24645045376990043,0.24645045376990043,0.1698694072130576
MAX_IP_PKT_LEN,RETRANSMITTED_OUT_PKTS,0.09328836065621475,0.24645045376990043,0.24645045376990043,0.1698694072130576
MIN_IP_PKT_LEN,NUM_PKTS_512_TO_1024_BYTES,0.060095140839075196,0.2772445698457986,0.2772445698457986,0.1686698553424369
IN_PKTS,DURATION_IN,0.10462759540498966,0.23147059849072388,0.23147059849072388,0.16804909694785677
SERVER_TCP_FLAGS,DNS_QUERY_ID,0.06366385054300772,-0.27135111786053207,0.27135111786053207,0.1675074842017699
PROTOCOL,RETRANSMITTED_IN_BYTES,0.05837425484179482,-0.27519365151433595,0.27519365151433595,0.16678395317806538
RETRANSMITTED_IN_BYTES,TCP_WIN_MAX_IN,0.1237901991102372,0.20884229888308523,0.20884229888308523,0.1663162489966612
IN_PKTS,SHORTEST_FLOW_PKT,0.15929672391109814,-0.17244702229493333,0.17244702229493333,0.16587187310301574
RETRANSMITTED_IN_PKTS,TCP_WIN_MAX_IN,0.12329169944877713,0.2082275718098058,0.2082275718098058,0.16575963562929147
PROTOCOL,RETRANSMITTED_IN_PKTS,0.05424199028445529,-0.27525472476784185,0.27525472476784185,0.16474835752614858
RETRANSMITTED_IN_BYTES,TCP_WIN_MAX_OUT,0.1783385743175777,0.1507616993254481,0.1507616993254481,0.16455013682151293
SHORTEST_FLOW_PKT,DST_TO_SRC_AVG_THROUGHPUT,0.25689683275343117,0.07008911735095105,0.07008911735095105,0.16349297505219113
SHORTEST_FLOW_PKT,TCP_WIN_MAX_OUT,0.22762652379346426,-0.09931878374895063,0.09931878374895063,0.16347265377120745
SHORTEST_FLOW_PKT,RETRANSMITTED_IN_BYTES,0.07759902796442815,0.24663592761196945,0.24663592761196945,0.1621174777881988
PROTOCOL,DST_TO_SRC_AVG_THROUGHPUT,0.16460400258264915,-0.15857230019678487,0.15857230019678487,0.161588151389717
RETRANSMITTED_IN_PKTS,TCP_WIN_MAX_OUT,0.17078053976014054,0.1504480272087714,0.1504480272087714,0.16061428348445597
SHORTEST_FLOW_PKT,RETRANSMITTED_IN_PKTS,0.0737573072483613,0.24608804636083492,0.24608804636083492,0.1599226768045981
RETRANSMITTED_IN_PKTS,NUM_PKTS_256_TO_512_BYTES,0.1540427402844629,0.1648564346036866,0.1648564346036866,0.15944958744407475
RETRANSMITTED_OUT_PKTS,SRC_TO_DST_AVG_THROUGHPUT,0.08304460277189044,0.23582515350196573,0.23582515350196573,0.15943487813692808
MAX_IP_PKT_LEN,DNS_TTL_ANSWER,0.21002526524376797,0.10684962162076511,0.10684962162076511,0.15843744343226654
LONGEST_FLOW_PKT,DNS_TTL_ANSWER,0.21002526524376797,0.10684962162076511,0.10684962162076511,0.15843744343226654
RETRANSMITTED_OUT_BYTES,SRC_TO_DST_AVG_THROUGHPUT,0.0813489685701462,0.23549304169246124,0.23549304169246124,0.15842100513130372
DURATION_IN,NUM_PKTS_1024_TO_1514_BYTES,0.04005908750757203,-0.27416809067371556,0.27416809067371556,0.1571135890906438
RETRANSMITTED_IN_PKTS,NUM_PKTS_128_TO_256_BYTES,0.02126877920266293,0.2925909719888928,0.2925909719888928,0.15692987559577787
RETRANSMITTED_IN_BYTES,NUM_PKTS_128_TO_256_BYTES,0.020741429370467176,0.2917706445375627,0.2917706445375627,0.15625603695401494
IN_BYTES,FLOW_DURATION_MILLISECONDS,0.26633254236203185,0.045870566443745625,0.045870566443745625,0.15610155440288875
RETRANSMITTED_OUT_BYTES,NUM_PKTS_512_TO_1024_BYTES,0.12031152145017962,0.1916206166070949,0.1916206166070949,0.15596606902863724
RETRANSMITTED_IN_BYTES,NUM_PKTS_512_TO_1024_BYTES,0.1929515379749884,0.11768231340860809,0.11768231340860809,0.15531692569179825
CLIENT_TCP_FLAGS,FLOW_DURATION_MILLISECONDS,0.1500525611952831,-0.15969495146582052,0.15969495146582052,0.1548737563305518
LONGEST_FLOW_PKT,DNS_QUERY_ID,0.22197383882841218,0.08758618574828377,0.08758618574828377,0.15478001228834798
MAX_IP_PKT_LEN,DNS_QUERY_ID,0.22197383882841218,0.08758618574828377,0.08758618574828377,0.15478001228834798
NUM_PKTS_128_TO_256_BYTES,NUM_PKTS_1024_TO_1514_BYTES,0.03126836949321264,0.2773950289115147,0.2773950289115147,0.15433169920236367
SERVER_TCP_FLAGS,DNS_TTL_ANSWER,0.05895420336504301,-0.24943954229883414,0.24943954229883414,0.1541968728319386
SRC_TO_DST_SECOND_BYTES,TCP_WIN_MAX_OUT,0.25409045527936563,0.05068080519497513,0.05068080519497513,0.1523856302371704
IN_BYTES,DNS_TTL_ANSWER,0.18178325875961726,-0.11906830628527758,0.11906830628527758,0.15042578252244743
DURATION_IN,NUM_PKTS_256_TO_512_BYTES,0.03745411870323702,-0.262651947211142,0.262651947211142,0.1500530329571895
RETRANSMITTED_IN_BYTES,FTP_COMMAND_RET_CODE,0.1191738515452578,0.17772226548734127,0.17772226548734127,0.14844805851629952
SERVER_TCP_FLAGS,FLOW_DURATION_MILLISECONDS,0.1384621204200981,-0.15447135551360414,0.15447135551360414,0.1464667379668511
OUT_PKTS,DNS_QUERY_TYPE,0.06265844706565978,0.22675367202128985,0.22675367202128985,0.14470605954347482
SRC_TO_DST_AVG_THROUGHPUT,DNS_QUERY_ID,0.21131351094378162,0.07741062228610039,0.07741062228610039,0.144362066614941
PROTOCOL,DURATION_OUT,0.0715856492679545,-0.21105731346213025,0.21105731346213025,0.14132148136504236
TCP_WIN_MAX_OUT,DNS_QUERY_TYPE,0.05514628683473834,-0.22714732407078483,0.22714732407078483,0.1411468054527616
SERVER_TCP_FLAGS,RETRANSMITTED_IN_BYTES,0.14025179358577466,0.14146368764316433,0.14146368764316433,0.14085774061446948
DURATION_IN,NUM_PKTS_512_TO_1024_BYTES,0.027174492769963532,-0.25298430129012744,0.25298430129012744,0.1400793970300455
L7_PROTO,TCP_WIN_MAX_OUT,0.13710568369279127,-0.1426564096343142,0.1426564096343142,0.13988104666355272
OUT_PKTS,DNS_QUERY_ID,0.05103098276207045,0.22784945504925072,0.22784945504925072,0.13944021890566058
SERVER_TCP_FLAGS,RETRANSMITTED_IN_PKTS,0.13768294127417774,0.14091902754119137,0.14091902754119137,0.13930098440768457
OUT_PKTS,DNS_TTL_ANSWER,0.057487268734400986,0.2207665964611899,0.2207665964611899,0.13912693259779543
RETRANSMITTED_IN_PKTS,NUM_PKTS_512_TO_1024_BYTES,0.15955715861332884,0.11752325804615618,0.11752325804615618,0.1385402083297425
NUM_PKTS_128_TO_256_BYTES,TCP_WIN_MAX_OUT,0.07976676321415038,0.1953408501473972,0.1953408501473972,0.13755380668077377
TCP_WIN_MAX_IN,ICMP_IPV4_TYPE,0.07741433620500016,0.19629567578546558,0.19629567578546558,0.13685500599523287
TCP_WIN_MAX_IN,ICMP_TYPE,0.07741433620500016,0.19629561771156448,0.19629561771156448,0.1368549769582823
TCP_WIN_MAX_OUT,DNS_QUERY_ID,0.04672779529298544,-0.22680925724225334,0.22680925724225334,0.1367685262676194
L7_PROTO,NUM_PKTS_UP_TO_128_BYTES,0.2580017969977267,0.01170654296779382,0.01170654296779382,0.13485416998276026
RETRANSMITTED_OUT_PKTS,NUM_PKTS_512_TO_1024_BYTES,0.07921107865950566,0.1903940639307251,0.1903940639307251,0.1348025712951154
L7_PROTO,NUM_PKTS_1024_TO_1514_BYTES,0.08154130524072413,-0.18435044895533995,0.18435044895533995,0.13294587709803204
MIN_TTL,MIN_IP_PKT_LEN,0.15637981893436365,-0.1062883384035651,0.1062883384035651,0.13133407866896438
MAX_TTL,MIN_IP_PKT_LEN,0.15661296649523787,-0.10604646948697834,0.10604646948697834,0.1313297179911081
SERVER_TCP_FLAGS,NUM_PKTS_128_TO_256_BYTES,0.1067840817444457,0.1532748536030698,0.1532748536030698,0.13002946767375775
SRC_TO_DST_AVG_THROUGHPUT,DNS_TTL_ANSWER,0.17864956224756914,0.0753067761304445,0.0753067761304445,0.1269781691890068
TCP_WIN_MAX_OUT,DNS_TTL_ANSWER,0.043354164976605235,-0.20849443245973465,0.20849443245973465,0.12592429871816993
ICMP_IPV4_TYPE,FTP_COMMAND_RET_CODE,0.07279557824384268,0.17485537458359443,0.17485537458359443,0.12382547641371855
ICMP_TYPE,FTP_COMMAND_RET_CODE,0.07279557824384268,0.17485537458042727,0.17485537458042727,0.12382547641213498
PROTOCOL,MIN_IP_PKT_LEN,0.22398756100779507,0.02102692121540277,0.02102692121540277,0.12250724111159891
PROTOCOL,FLOW_DURATION_MILLISECONDS,0.09701985070395644,0.1464269749140385,0.1464269749140385,0.12172341280899747
OUT_BYTES,RETRANSMITTED_IN_BYTES,0.1400985052659553,0.10321481048641404,0.10321481048641404,0.12165665787618467
DST_TO_SRC_AVG_THROUGHPUT,NUM_PKTS_128_TO_256_BYTES,0.10567809327556942,0.1339033099616157,0.1339033099616157,0.11979070161859257
DST_TO_SRC_SECOND_BYTES,RETRANSMITTED_IN_BYTES,0.13619700838561913,0.10145134347471511,0.10145134347471511,0.11882417593016711
SERVER_TCP_FLAGS,FTP_COMMAND_RET_CODE,0.14396454002342612,0.09250706378501991,0.09250706378501991,0.11823580190422302
DURATION_OUT,MAX_TTL,0.0753080273679636,0.16063250119501726,0.16063250119501726,0.11797026428149043
DURATION_OUT,MIN_TTL,0.07508918475871551,0.16045673740815333,0.16045673740815333,0.11777296108343442
DURATION_IN,ICMP_TYPE,0.06679315543470382,0.16852085360617716,0.16852085360617716,0.11765700452044049
DURATION_IN,ICMP_IPV4_TYPE,0.06679315543470382,0.16852083068463325,0.16852083068463325,0.11765699305966854
OUT_BYTES,RETRANSMITTED_IN_PKTS,0.1313632449733483,0.10249824204648485,0.10249824204648485,0.11693074350991658
DST_TO_SRC_SECOND_BYTES,NUM_PKTS_128_TO_256_BYTES,0.12363650401378318,0.10910167827028658,0.10910167827028658,0.11636909114203488
NUM_PKTS_256_TO_512_BYTES,ICMP_IPV4_TYPE,0.07585257590029267,0.15393870038914587,0.15393870038914587,0.11489563814471926
NUM_PKTS_256_TO_512_BYTES,ICMP_TYPE,0.07585257590029267,0.15393865008091137,0.15393865008091137,0.11489561299060203
DST_TO_SRC_SECOND_BYTES,RETRANSMITTED_IN_PKTS,0.12836510968288375,0.10068308145091641,0.10068308145091641,0.11452409556690007
DURATION_OUT,SRC_TO_DST_AVG_THROUGHPUT,0.05131566554971852,-0.1745429105459697,0.1745429105459697,0.1129292880478441
FLOW_DURATION_MILLISECONDS,NUM_PKTS_1024_TO_1514_BYTES,0.03797499189709031,-0.18623776831273395,0.18623776831273395,0.11210638010491213
OUT_PKTS,SHORTEST_FLOW_PKT,0.18610294738498986,0.03225010774681087,0.03225010774681087,0.10917652756590036
CLIENT_TCP_FLAGS,FTP_COMMAND_RET_CODE,0.1265519062700548,0.08717946724334645,0.08717946724334645,0.10686568675670063
OUT_BYTES,NUM_PKTS_128_TO_256_BYTES,0.09701238775502184,0.11373987866660795,0.11373987866660795,0.1053761332108149
NUM_PKTS_1024_TO_1514_BYTES,ICMP_TYPE,0.04403709856625828,0.16525975019709988,0.16525975019709988,0.10464842438167908
NUM_PKTS_1024_TO_1514_BYTES,ICMP_IPV4_TYPE,0.04403709856625828,0.16525972945766065,0.16525972945766065,0.10464841401195947
TCP_FLAGS,FTP_COMMAND_RET_CODE,0.1223372252977032,0.08553697026472176,0.08553697026472176,0.10393709778121249
TCP_WIN_MAX_OUT,ICMP_IPV4_TYPE,0.07086959057633964,0.13581490362791454,0.13581490362791454,0.10334224710212708
TCP_WIN_MAX_OUT,ICMP_TYPE,0.07086959057633964,0.13581483087608284,0.13581483087608284,0.10334221072621125
FLOW_DURATION_MILLISECONDS,TCP_WIN_MAX_OUT,0.12009488157181429,-0.08561579065559519,0.08561579065559519,0.10285533611370473
PROTOCOL,RETRANSMITTED_OUT_BYTES,0.050273984702477376,-0.15513503664420605,0.15513503664420605,0.10270451067334171
PROTOCOL,RETRANSMITTED_OUT_PKTS,0.04745700673743121,-0.15513564898848323,0.15513564898848323,0.10129632786295723
OUT_PKTS,ICMP_IPV4_TYPE,0.10097281345808641,0.10074699221471764,0.10074699221471764,0.10085990283640203
OUT_PKTS,ICMP_TYPE,0.10097281345808641,0.10074690858049688,0.10074690858049688,0.10085986101929165
OUT_PKTS,FTP_COMMAND_RET_CODE,0.07515507009964381,0.1258843994632879,0.1258843994632879,0.10051973478146585
L7_PROTO,RETRANSMITTED_OUT_PKTS,0.03748208558059444,-0.15822286812487174,0.15822286812487174,0.09785247685273309
RETRANSMITTED_IN_PKTS,NUM_PKTS_UP_TO_128_BYTES,0.18033166968160946,-0.014998966070759975,0.014998966070759975,0.09766531787618472
RETRANSMITTED_IN_BYTES,NUM_PKTS_UP_TO_128_BYTES,0.18002969887544187,-0.014316733434260967,0.014316733434260967,0.09717321615485142
NUM_PKTS_UP_TO_128_BYTES,FTP_COMMAND_RET_CODE,0.06329579357595967,0.129228502251838,0.129228502251838,0.09626214791389884
L7_PROTO,RETRANSMITTED_OUT_BYTES,0.03387828080771407,-0.15805724088816034,0.15805724088816034,0.0959677608479372
SERVER_TCP_FLAGS,ICMP_IPV4_TYPE,0.0666389730832502,0.124880732548469,0.124880732548469,0.09575985281585961
SERVER_TCP_FLAGS,ICMP_TYPE,0.0666389730832502,0.1248806498682175,0.1248806498682175,0.09575981147573384
FLOW_DURATION_MILLISECONDS,NUM_PKTS_UP_TO_128_BYTES,0.12519045085905187,-0.0658011721648493,0.0658011721648493,0.09549581151195058
NUM_PKTS_512_TO_1024_BYTES,ICMP_IPV4_TYPE,0.08072981202371424,0.10966883951920073,0.10966883951920073,0.09519932577145748
NUM_PKTS_512_TO_1024_BYTES,ICMP_TYPE,0.08072981202371424,0.10966880383127853,0.10966880383127853,0.09519930792749638
OUT_PKTS,NUM_PKTS_128_TO_256_BYTES,0.08540195707330488,0.10474381194437934,0.10474381194437934,0.0950728845088421
RETRANSMITTED_IN_PKTS,DST_TO_SRC_AVG_THROUGHPUT,0.10804214026135707,0.08177037866794351,0.08177037866794351,0.09490625946465028
DURATION_IN,SHORTEST_FLOW_PKT,0.17763682549850185,0.010062264820356557,0.010062264820356557,0.0938495451594292
NUM_PKTS_128_TO_256_BYTES,NUM_PKTS_512_TO_1024_BYTES,0.0201982826120956,0.16667384182740472,0.16667384182740472,0.09343606221975016
NUM_PKTS_128_TO_256_BYTES,NUM_PKTS_256_TO_512_BYTES,0.019736222111402673,0.16640629665842072,0.16640629665842072,0.09307125938491169
DURATION_IN,RETRANSMITTED_IN_PKTS,0.02976160921251769,0.15426218868993594,0.15426218868993594,0.09201189895122681
SRC_TO_DST_SECOND_BYTES,NUM_PKTS_1024_TO_1514_BYTES,0.09640769699899873,0.086283140817865,0.086283140817865,0.09134541890843187
TCP_WIN_MAX_OUT,FTP_COMMAND_RET_CODE,0.0786814367677346,0.10346950162087082,0.10346950162087082,0.0910754691943027
RETRANSMITTED_IN_BYTES,DST_TO_SRC_AVG_THROUGHPUT,0.10013943042424596,0.0813415603710481,0.0813415603710481,0.09074049539764703
PROTOCOL,DURATION_IN,0.09228267033990659,0.08916329745644473,0.08916329745644473,0.09072298389817565
DURATION_IN,RETRANSMITTED_IN_BYTES,0.02668670925456513,0.1545491279229766,0.1545491279229766,0.09061791858877086
ICMP_IPV4_TYPE,DNS_QUERY_TYPE,0.03440562386233135,-0.14042037306197036,0.14042037306197036,0.08741299846215085
ICMP_TYPE,DNS_QUERY_TYPE,0.03440562386233135,-0.14042037305942692,0.14042037305942692,0.08741299846087913
DST_TO_SRC_SECOND_BYTES,FTP_COMMAND_RET_CODE,0.06277659298351299,0.1112183157093502,0.1112183157093502,0.0869974543464316
L7_PROTO,NUM_PKTS_256_TO_512_BYTES,0.040500303695644814,-0.13303993824714994,0.13303993824714994,0.08677012097139737
DURATION_IN,RETRANSMITTED_OUT_PKTS,0.026839718484131008,-0.14620467587486916,0.14620467587486916,0.08652219717950008
DURATION_IN,RETRANSMITTED_OUT_BYTES,0.026608197803828407,-0.14607743648470875,0.14607743648470875,0.08634281714426859
MAX_TTL,ICMP_TYPE,0.06722005855984566,0.10309980063150653,0.10309980063150653,0.08515992959567609
MAX_TTL,ICMP_IPV4_TYPE,0.06722005855984566,0.10309975528101956,0.10309975528101956,0.0851599069204326
L7_PROTO,NUM_PKTS_512_TO_1024_BYTES,0.016954214901305404,-0.1532300431997061,0.1532300431997061,0.08509212905050575
MIN_TTL,ICMP_TYPE,0.06719511702080976,0.10239034187651529,0.10239034187651529,0.08479272944866252
MIN_TTL,ICMP_IPV4_TYPE,0.06719511702080976,0.10239029645112875,0.10239029645112875,0.08479270673596925
ICMP_IPV4_TYPE,DNS_QUERY_ID,0.02917503848359638,-0.1402113832780208,0.1402113832780208,0.08469321088080858
ICMP_TYPE,DNS_QUERY_ID,0.02917503848359638,-0.14021138327548116,0.14021138327548116,0.08469321087953877
DURATION_OUT,NUM_PKTS_1024_TO_1514_BYTES,0.024534089570179385,0.14357672656633774,0.14357672656633774,0.08405540806825856
NUM_PKTS_512_TO_1024_BYTES,DNS_QUERY_TYPE,0.01661853752307524,-0.1508538195590758,0.1508538195590758,0.08373617854107553
NUM_PKTS_UP_TO_128_BYTES,ICMP_TYPE,0.1309140804321403,-0.035310736821422405,0.035310736821422405,0.08311240862678136
NUM_PKTS_UP_TO_128_BYTES,ICMP_IPV4_TYPE,0.1309140804321403,-0.035310648836420225,0.035310648836420225,0.08311236463428026
OUT_BYTES,FTP_COMMAND_RET_CODE,0.05851738582253434,0.10763353634743247,0.10763353634743247,0.0830754610849834
NUM_PKTS_512_TO_1024_BYTES,DNS_QUERY_ID,0.014096555501819227,-0.15078317163531751,0.15078317163531751,0.08243986356856838
NUM_PKTS_256_TO_512_BYTES,DNS_QUERY_TYPE,0.019074218742655413,-0.14576520350827082,0.14576520350827082,0.08241971112546312
DST_TO_SRC_AVG_THROUGHPUT,FTP_COMMAND_RET_CODE,0.05554326673414158,0.10889927184214473,0.10889927184214473,0.08222126928814316
NUM_PKTS_128_TO_256_BYTES,DNS_QUERY_TYPE,0.046443288300762664,-0.11778603693093197,0.11778603693093197,0.08211466261584732
NUM_PKTS_1024_TO_1514_BYTES,DNS_QUERY_TYPE,0.025022890304616418,-0.13872309138018868,0.13872309138018868,0.08187299084240254
DURATION_OUT,RETRANSMITTED_OUT_BYTES,0.03324758501116852,0.13036803084346527,0.13036803084346527,0.0818078079273169
MIN_IP_PKT_LEN,FTP_COMMAND_RET_CODE,0.06933091562682898,0.09332215407316237,0.09332215407316237,0.08132653484999568
NUM_PKTS_256_TO_512_BYTES,DNS_QUERY_ID,0.01610938123079008,-0.14541634368662532,0.14541634368662532,0.0807628624587077
RETRANSMITTED_IN_BYTES,DNS_QUERY_TYPE,0.020862557007401656,-0.14008554675969612,0.14008554675969612,0.08047405188354889
NUM_PKTS_1024_TO_1514_BYTES,DNS_QUERY_ID,0.021222339006981658,-0.13870144435868148,0.13870144435868148,0.07996189168283158
RETRANSMITTED_IN_PKTS,DNS_QUERY_TYPE,0.01939789360027211,-0.1401166357040184,0.1401166357040184,0.07975726465214525
SHORTEST_FLOW_PKT,NUM_PKTS_512_TO_1024_BYTES,0.057803321361803724,-0.10162720417057766,0.10162720417057766,0.07971526276619069
SRC_TO_DST_SECOND_BYTES,NUM_PKTS_256_TO_512_BYTES,0.09676706356449863,0.06197695073845108,0.06197695073845108,0.07937200715147485
OUT_BYTES,ICMP_IPV4_TYPE,0.07494603709255322,0.08339917317580907,0.08339917317580907,0.07917260513418115
OUT_BYTES,ICMP_TYPE,0.07494603709255322,0.0833990934014275,0.0833990934014275,0.07917256524699036
RETRANSMITTED_IN_BYTES,DNS_QUERY_ID,0.017695183938454904,-0.13987705530284147,0.13987705530284147,0.07878611962064819
IN_PKTS,MIN_IP_PKT_LEN,0.1365167158952455,0.020479926747510476,0.020479926747510476,0.07849832132137799
NUM_PKTS_128_TO_256_BYTES,DNS_QUERY_ID,0.03892256773030164,-0.11764511075517864,0.11764511075517864,0.07828383924274014
RETRANSMITTED_IN_PKTS,DNS_QUERY_ID,0.016453315167997147,-0.13990809797701353,0.13990809797701353,0.07818070657250534
DST_TO_SRC_SECOND_BYTES,ICMP_IPV4_TYPE,0.07425795592357032,0.0817849746570035,0.0817849746570035,0.07802146529028692
DST_TO_SRC_SECOND_BYTES,ICMP_TYPE,0.07425795592357032,0.08178489531356259,0.08178489531356259,0.07802142561856645
ICMP_IPV4_TYPE,DNS_TTL_ANSWER,0.027112776753998386,-0.12888932813585033,0.12888932813585033,0.07800105244492436
ICMP_TYPE,DNS_TTL_ANSWER,0.027112776753998386,-0.12888932813351575,0.12888932813351575,0.07800105244375707
MAX_TTL,RETRANSMITTED_IN_PKTS,0.0575278330649851,0.0969109020665812,0.0969109020665812,0.07721936756578315
SHORTEST_FLOW_PKT,RETRANSMITTED_OUT_PKTS,0.11762215834365808,0.036096334843979706,0.036096334843979706,0.07685924659381889
IN_PKTS,FTP_COMMAND_RET_CODE,0.062282597558410695,0.09140989946838793,0.09140989946838793,0.07684624851339932
MIN_TTL,RETRANSMITTED_IN_PKTS,0.05751324880773305,0.09617515679692583,0.09617515679692583,0.07684420280232944
FLOW_DURATION_MILLISECONDS,NUM_PKTS_128_TO_256_BYTES,0.1168755998526914,-0.036440944451668414,0.036440944451668414,0.07665827215217991
DURATION_OUT,RETRANSMITTED_OUT_PKTS,0.02320273583136051,0.12994461432979473,0.12994461432979473,0.07657367508057762
DURATION_IN,DURATION_OUT,0.13217843090183107,0.020010345619201172,0.020010345619201172,0.07609438826051612
DURATION_OUT,DST_TO_SRC_AVG_THROUGHPUT,0.02339234987871948,0.1278749387998274,0.1278749387998274,0.07563364433927344
NUM_PKTS_512_TO_1024_BYTES,DNS_TTL_ANSWER,0.013109301344081606,-0.13798390499646532,0.13798390499646532,0.07554660317027347
SHORTEST_FLOW_PKT,RETRANSMITTED_OUT_BYTES,0.11462489311443576,0.035954346328014475,0.035954346328014475,0.07528961972122511
NUM_PKTS_1024_TO_1514_BYTES,DNS_TTL_ANSWER,0.019729586018622115,-0.1270548599929238,0.1270548599929238,0.07339222300577296
L7_PROTO,ICMP_TYPE,0.09813016907778582,-0.04824198075688536,0.04824198075688536,0.07318607491733559
L7_PROTO,ICMP_IPV4_TYPE,0.09813016907778582,-0.04824194871354762,0.04824194871354762,0.07318605889566672
SRC_TO_DST_AVG_THROUGHPUT,FTP_COMMAND_RET_CODE,0.04658532271625617,0.09965926383143715,0.09965926383143715,0.07312229327384666
MAX_TTL,RETRANSMITTED_IN_BYTES,0.05217338729086563,0.09381264361310014,0.09381264361310014,0.07299301545198289
MIN_TTL,RETRANSMITTED_IN_BYTES,0.052083129384873014,0.09306775230121286,0.09306775230121286,0.07257544084304293
NUM_PKTS_256_TO_512_BYTES,DNS_TTL_ANSWER,0.01416696136578085,-0.13097842657254866,0.13097842657254866,0.07257269396916476
RETRANSMITTED_IN_BYTES,DNS_TTL_ANSWER,0.016453174844310595,-0.12858199711114718,0.12858199711114718,0.0725175859777289
RETRANSMITTED_IN_PKTS,DNS_TTL_ANSWER,0.015299347947076814,-0.12861053309249215,0.12861053309249215,0.07195494051978449
SHORTEST_FLOW_PKT,NUM_PKTS_1024_TO_1514_BYTES,0.07718574103164016,-0.06477962585582418,0.06477962585582418,0.07098268344373218
SHORTEST_FLOW_PKT,NUM_PKTS_256_TO_512_BYTES,0.06540193596400318,-0.07471862911565358,0.07471862911565358,0.07006028253982838
PROTOCOL,MAX_TTL,0.04695882689299373,-0.09151714358463783,0.09151714358463783,0.06923798523881577
PROTOCOL,MIN_TTL,0.04708409382195644,-0.09072537230937253,0.09072537230937253,0.06890473306566448
SRC_TO_DST_SECOND_BYTES,RETRANSMITTED_OUT_BYTES,0.06230796329096918,0.07490287210125937,0.07490287210125937,0.06860541769611428
SRC_TO_DST_SECOND_BYTES,RETRANSMITTED_OUT_PKTS,0.06070932746163573,0.07498327433938884,0.07498327433938884,0.06784630090051229
DURATION_OUT,DNS_QUERY_TYPE,0.02570549684586578,-0.10761501456811029,0.10761501456811029,0.06666025570698804
DURATION_OUT,DNS_QUERY_ID,0.02179961212594141,-0.1074456182366647,0.1074456182366647,0.06462261518130305
TCP_WIN_MAX_IN,FTP_COMMAND_RET_CODE,0.0572654199368823,0.07013823956210616,0.07013823956210616,0.06370182974949423
DURATION_OUT,SRC_TO_DST_SECOND_BYTES,0.074830780192602,0.04893851521374602,0.04893851521374602,0.06188464770317401
SRC_TO_DST_SECOND_BYTES,NUM_PKTS_512_TO_1024_BYTES,0.06880023352516144,0.05296821158250017,0.05296821158250017,0.0608842225538308
DST_TO_SRC_AVG_THROUGHPUT,ICMP_IPV4_TYPE,0.05743153207157747,0.06329054160347698,0.06329054160347698,0.06036103683752722
DST_TO_SRC_AVG_THROUGHPUT,ICMP_TYPE,0.05743153207157747,0.06329048060455962,0.06329048060455962,0.06036100633806854
DURATION_OUT,DNS_TTL_ANSWER,0.020542117051404275,-0.0989898585756403,0.0989898585756403,0.059765987813522284
FLOW_DURATION_MILLISECONDS,NUM_PKTS_256_TO_512_BYTES,0.04118202800155518,-0.0773030859019494,0.0773030859019494,0.05924255695175229
FLOW_DURATION_MILLISECONDS,NUM_PKTS_512_TO_1024_BYTES,0.029951555957779517,-0.08336408601433418,0.08336408601433418,0.056657820986056845
NUM_PKTS_128_TO_256_BYTES,DNS_TTL_ANSWER,0.031049858977732225,-0.0788747958683551,0.0788747958683551,0.05496232742304366
L7_PROTO,DURATION_OUT,0.06987188029642755,0.03687597996917421,0.03687597996917421,0.05337393013280088
FLOW_DURATION_MILLISECONDS,RETRANSMITTED_OUT_BYTES,0.025515292274946446,-0.07887649592729776,0.07887649592729776,0.0521958941011221
FLOW_DURATION_MILLISECONDS,RETRANSMITTED_OUT_PKTS,0.02506935581369379,-0.0791377642271939,0.0791377642271939,0.05210356002044385
IN_BYTES,FTP_COMMAND_RET_CODE,0.04077884768767123,0.06305633173235302,0.06305633173235302,0.051917589710012126
DURATION_OUT,SHORTEST_FLOW_PKT,0.10105187677291982,0.00013435177088965536,0.00013435177088965536,0.050593114271904736
DURATION_OUT,NUM_PKTS_128_TO_256_BYTES,0.012195500999109272,-0.08615917193849466,0.08615917193849466,0.04917733646880197
RETRANSMITTED_OUT_BYTES,DNS_QUERY_TYPE,0.017992812172712588,-0.07897048609334284,0.07897048609334284,0.048481649133027716
RETRANSMITTED_OUT_PKTS,DNS_QUERY_TYPE,0.016989728482639774,-0.07897079780323293,0.07897079780323293,0.04798026314293635
RETRANSMITTED_OUT_BYTES,DNS_QUERY_ID,0.01526201478742944,-0.07885295311385307,0.07885295311385307,0.04705748395064126
MIN_IP_PKT_LEN,RETRANSMITTED_IN_BYTES,0.0915033851885483,-0.0018731188420777357,0.0018731188420777357,0.046688252015313014
RETRANSMITTED_OUT_PKTS,DNS_QUERY_ID,0.014411350529886882,-0.07885326435982058,0.07885326435982058,0.046632307444853735
L7_PROTO,RETRANSMITTED_IN_PKTS,0.03922221151170469,-0.05275525830545334,0.05275525830545334,0.04598873490857902
NUM_PKTS_UP_TO_128_BYTES,DNS_QUERY_TYPE,0.06460273984069013,-0.024446940262936787,0.024446940262936787,0.04452484005181346
RETRANSMITTED_OUT_BYTES,DNS_TTL_ANSWER,0.014192606355377535,-0.07248558505567075,0.07248558505567075,0.04333909570552414
FLOW_DURATION_MILLISECONDS,ICMP_IPV4_TYPE,0.05892037469433062,0.027681389339340726,0.027681389339340726,0.04330088201683567
FLOW_DURATION_MILLISECONDS,ICMP_TYPE,0.05892037469433062,0.02768137228810506,0.02768137228810506,0.04330087349121784
MIN_IP_PKT_LEN,RETRANSMITTED_IN_PKTS,0.08353895436538218,-0.0030166755475630196,0.0030166755475630196,0.0432778149564726
RETRANSMITTED_OUT_PKTS,DNS_TTL_ANSWER,0.013401916427611418,-0.0724858711685576,0.0724858711685576,0.04294389379808451
DURATION_OUT,RETRANSMITTED_IN_BYTES,0.030687788794823256,0.05443379384753825,0.05443379384753825,0.04256079132118075
SHORTEST_FLOW_PKT,FTP_COMMAND_RET_CODE,0.05205416906435939,0.030961604228099595,0.030961604228099595,0.041507886646229494
DURATION_IN,FTP_COMMAND_RET_CODE,0.013504130410619998,-0.0694829146595341,0.0694829146595341,0.04149352253507705
MIN_IP_PKT_LEN,NUM_PKTS_128_TO_256_BYTES,0.04869800671450024,-0.03253541604156937,0.03253541604156937,0.040616711378034805
L7_PROTO,RETRANSMITTED_IN_BYTES,0.02779700994639281,-0.05338735694908366,0.05338735694908366,0.04059218344773824
RETRANSMITTED_OUT_PKTS,NUM_PKTS_128_TO_256_BYTES,0.016283762683687784,0.06279591572427386,0.06279591572427386,0.03953983920398082
MIN_TTL,FTP_COMMAND_RET_CODE,0.02683958802155833,-0.051746070595092626,0.051746070595092626,0.03929282930832548
MAX_TTL,FTP_COMMAND_RET_CODE,0.026844886651411562,-0.051131370063944644,0.051131370063944644,0.038988128357678106
PROTOCOL,FTP_COMMAND_RET_CODE,0.016492893956330034,-0.06134129159158367,0.06134129159158367,0.03891709277395685
RETRANSMITTED_OUT_BYTES,NUM_PKTS_128_TO_256_BYTES,0.014366465089149929,0.06258648503888813,0.06258648503888813,0.03847647506401903
NUM_PKTS_UP_TO_128_BYTES,DNS_QUERY_ID,0.05309983676236633,-0.023449756268369842,0.023449756268369842,0.03827479651536808
NUM_PKTS_UP_TO_128_BYTES,DNS_TTL_ANSWER,0.04692508004667631,-0.02906321742926902,0.02906321742926902,0.03799414873797266
L7_PROTO,FTP_COMMAND_RET_CODE,0.025548954976696313,-0.0489121913823652,0.0489121913823652,0.037230573179530754
NUM_PKTS_128_TO_256_BYTES,FTP_COMMAND_RET_CODE,0.011279032757442133,-0.06056887566252093,0.06056887566252093,0.03592395420998153
FLOW_DURATION_MILLISECONDS,FTP_COMMAND_RET_CODE,0.012676408606167614,-0.058958488624271686,0.058958488624271686,0.03581744861521965
DURATION_OUT,RETRANSMITTED_IN_PKTS,0.01670661752143914,0.05125497941523305,0.05125497941523305,0.03398079846833609
MIN_TTL,RETRANSMITTED_OUT_BYTES,0.038505300284369985,-0.026628948459322222,0.026628948459322222,0.032567124371846105
MIN_TTL,RETRANSMITTED_OUT_PKTS,0.03707529007333437,-0.026996278293701135,0.026996278293701135,0.032035784183517754
MAX_TTL,RETRANSMITTED_OUT_BYTES,0.03855952854392897,-0.02522843276360108,0.02522843276360108,0.031893980653765024
DURATION_OUT,ICMP_IPV4_TYPE,0.0157972491502414,0.047108669488672456,0.047108669488672456,0.03145295931945693
DURATION_OUT,ICMP_TYPE,0.0157972491502414,0.04710861178165691,0.04710861178165691,0.03145293046594915
MAX_TTL,RETRANSMITTED_OUT_PKTS,0.03706621175815389,-0.025591911138791473,0.025591911138791473,0.03132906144847268
LONGEST_FLOW_PKT,FTP_COMMAND_RET_CODE,0.056591879530685923,-0.0006415849067651913,0.0006415849067651913,0.028616732218725557
MAX_IP_PKT_LEN,FTP_COMMAND_RET_CODE,0.056591879530685923,-0.0006415849067651913,0.0006415849067651913,0.028616732218725557
MIN_IP_PKT_LEN,ICMP_TYPE,0.03761970766851476,-0.017404102565034277,0.017404102565034277,0.027511905116774517
MIN_IP_PKT_LEN,ICMP_IPV4_TYPE,0.03761970766851476,-0.017404033218077947,0.017404033218077947,0.027511870443296352
FLOW_DURATION_MILLISECONDS,RETRANSMITTED_IN_PKTS,0.028141065190833783,0.01966956826108417,0.01966956826108417,0.023905316725958976
SRC_TO_DST_SECOND_BYTES,FTP_COMMAND_RET_CODE,0.042068325929172964,0.005272556324413458,0.005272556324413458,0.023670441126793212
FLOW_DURATION_MILLISECONDS,RETRANSMITTED_IN_BYTES,0.026078035860053653,0.021115924857029907,0.021115924857029907,0.02359698035854178
DNS_QUERY_TYPE,FTP_COMMAND_RET_CODE,0.005918714264731242,-0.03122538737455324,0.03122538737455324,0.018572050819642243
DNS_QUERY_ID,FTP_COMMAND_RET_CODE,0.0050209883449665715,-0.03117891415404507,0.03117891415404507,0.018099951249505822
NUM_PKTS_256_TO_512_BYTES,FTP_COMMAND_RET_CODE,0.0030004929814079896,-0.03126062267093275,0.03126062267093275,0.01713055782617037
DNS_TTL_ANSWER,FTP_COMMAND_RET_CODE,0.004670329239361303,-0.02866121996208973,0.02866121996208973,0.016665774600725516
NUM_PKTS_512_TO_1024_BYTES,FTP_COMMAND_RET_CODE,0.0021809476328901634,-0.02982500392873466,0.02982500392873466,0.016002975780812414
NUM_PKTS_1024_TO_1514_BYTES,FTP_COMMAND_RET_CODE,0.0032797083691136603,-0.02735298878077395,0.02735298878077395,0.015316348574943805
DURATION_OUT,FTP_COMMAND_RET_CODE,0.004719599165978961,0.0031460998647037325,0.0031460998647037325,0.003932849515341346
